Amazon 出品サービス、フルフィルメント by Amazon (FBA) ,,,,,,,,,,,,,,,,,,,,,,,,,,
指定のない場合、単位は円,,,,,,,,,,,,,,,,,,,,,,,,,,
定義：,,,,,,,,,,,,,,,,,,,,,,,,,,
販売手数料：カテゴリー成約料と販売手数料が含まれます。,,,,,,,,,,,,,,,,,,,,,,,,,,
トランザクションに関するその他の手数料：FBA 配送料のチャージバックまたは、出品者出荷の配送料にかかる手数料,,,,,,,,,,,,,,,,,,,,,,,,,,
その他：注文以外に関する取引金額。詳しくは、各注文番号のトランザクションの種類と、説明の各項目をご覧ください。,,,,,,,,,,,,,,,,,,,,,,,,,,
日付/時間,決済番号,トランザクションの種類,注文番号,SKU,説明,数量,Amazon 出品サービス,フルフィルメント,市町村,都道府県,郵便番号,税金徴収型,商品売上,商品の売上税,配送料,配送料の税金,ギフト包装手数料,ギフト包装クレジットの税金,Amazonポイントの費用,プロモーション割引額,プロモーション割引の税金,手数料,FBA 手数料,トランザクションに関するその他の手数料,その他,合計
2020/10/01 02:46:40JST,10720211323,返金,503-4943793-1333462,wm-20200614-05-01500-o-so,PlayStation 2 (SCPH-30000),1,amazon.jp,Amazon,,京都府,617-0842,,"-3,545.00",-355,0,0,0,0,0,0,0,309,0,0,0,"-3,591.00"
2020/10/01 05:19:13JST,10720211323,注文,250-4887812-7580605,si-20200904-46-04400-o-so,Jaybird X4 ワイヤレスイヤホン Bluetooth/防水・防汗対応(IPX7)/連続再生8時間/スポーツ対応 アルファメタリック JBD-X4,1,amazon.jp,Amazon,,東京都,131-0041,,"6,158.00",616,0,0,0,0,0,0,0,-745,-421,0,0,"5,608.00"
2020/10/01 06:40:40JST,10720211323,注文,249-4703253-2583863,si-20200904-46-04400-o-so,Jaybird X4 ワイヤレスイヤホン Bluetooth/防水・防汗対応(IPX7)/連続再生8時間/スポーツ対応 アルファメタリック JBD-X4,1,amazon.jp,Amazon,,千葉県,267-0066,,"6,157.00",616,0,0,0,0,0,0,0,-745,-421,0,0,"5,607.00"
2020/10/01 11:01:50JST,10720211323,FBA 在庫関連の手数料,,,納品不備受領作業手数料 - 商品ラベルがありません,,Amazon.co.jp,,,,,,0,0,0,0,0,0,0,0,0,0,0,0,-102,-102
2020/10/01 11:30:20JST,10720211323,注文,249-5731893-8980642,gf-20200801-02-00330-o-sos,1/144 RX-78-2 ガンダム (機動戦士ガンダム),1,amazon.jp,Amazon,,福井県,919-0476,,"1,355.00",135,0,0,0,0,0,0,0,-328,-421,0,0,741
2020/10/01 11:30:20JST,10720211323,注文,249-5731893-8980642,gf-20200801-02-00330-o-sos,1/144 RX-78-2 ガンダム (機動戦士ガンダム),1,amazon.jp,Amazon,,福井県,919-0476,,"1,355.00",135,0,0,0,0,0,0,0,0,-421,0,0,"1,069.00"
2020/10/01 12:08:02JST,10720211323,注文,503-6791289-4451865,si-20200904-23-00000-o-so,iBUFFALO 電源連動節電機能付き 4ポートセルフパワーハブ ホワイト BSH4AE12WH,1,amazon.jp,Amazon,,東京都,176-0002,,891,89,0,0,0,0,0,0,0,-108,-421,0,0,451
2020/10/01 14:59:49JST,10720211323,注文,249-0708758-4275011,gf-20200606-05-00880-o-so,BB戦士 SD戦国伝 天下統一編 初代大将軍(ショダイダイショウグン) NO.79,1,amazon.jp,Amazon,,秋田県,019-2401,,"2,255.00",225,0,0,0,0,0,0,0,-273,-421,0,0,"1,786.00"
2020/10/01 15:10:54JST,10720211323,注文,503-4250220-3449410,si-20200904-23-00000-o-so,iBUFFALO 電源連動節電機能付き 4ポートセルフパワーハブ ホワイト BSH4AE12WH,1,amazon.jp,Amazon,,福島県,960-8252,,891,89,0,0,0,0,0,0,0,-108,-421,0,0,451
2020/10/01 15:38:11JST,10720211323,注文,250-0813923-1589439,pk-20200828-10-04000-o-so,Razer Mamba Wireless 無線/有線両対応 ゲーミングマウス 【日本正規代理店保証品】 RZ01-02710100-R3M1 ブラック,1,amazon.jp,Amazon,,徳島県,771-0201,,"5,436.00",544,0,0,0,0,0,0,0,-658,-421,0,0,"4,901.00"
2020/10/01 17:24:38JST,10720211323,注文,249-1592665-1874235,gf-20200606-03-03300-o-so,HG 1/144 ガンダムベース限定 ナラティブガンダム B装備 機動戦士ガンダムUC(ユニコーン),1,amazon.jp,Amazon,,東京都,171-0032,,"4,264.00",426,0,0,322,32,0,0,0,-516,-821,0,0,"3,707.00"
2020/10/01 23:14:33JST,10720211323,注文,249-0176158-0726208,gf-20200828-24-00770-o-so,ガンダムベース限定 SDガンダム BB戦士 三国創傑伝 大喬ガンダムアルテミー/小喬GNアーチャー 機動戦士ガンダム,1,amazon.jp,Amazon,,東京都,133-0061,,"2,255.00",225,232,23,0,0,0,0,0,-546,"-1,261.00",0,150,"1,093.00"
2020/10/01 23:14:33JST,10720211323,注文,249-0176158-0726208,gf-20200828-24-00770-o-so,ガンダムベース限定 SDガンダム BB戦士 三国創傑伝 大喬ガンダムアルテミー/小喬GNアーチャー 機動戦士ガンダム,1,amazon.jp,Amazon,,東京都,133-0061,,"2,255.00",225,232,23,0,0,0,0,0,0,-421,0,150,"2,479.00"
2020/10/02 02:17:53JST,10720211323,注文,249-7180434-4879042,gf-20200809-02-00330-o-so,1/2400 ホワイトベース (機動戦士ガンダム),1,amazon.jp,Amazon,,東京都,146-0085,,727,73,0,0,0,0,0,0,0,-88,-421,0,0,291
2020/10/02 02:32:03JST,10720211323,注文,503-7126176-5755019,ap-20200516-16-00300-o-so,SONY RC-S320 非接触ICカードリーダ/ライタ PaSoRi 「パソリ」,1,amazon.jp,Amazon,,長野県,396-0111,,627,63,0,0,0,0,0,0,0,-61,-381,0,0,248
2020/10/02 09:04:18JST,10720211323,注文,503-6350011-6695059,gf-20190927-50-03740-o-so,HG 1/144 ガンダムベース限定 ユニコーンガンダム ペルフェクティビリティ(デストロイモード) 機動戦士ガンダムU,1,amazon.jp,Amazon,,福島県,960-8252,,"4,791.00",479,186,19,0,0,0,-186,-19,-580,-797,0,300,"4,223.00"
2020/10/02 11:14:07JST,10720211323,注文,503-7936701-7326241,ps-20200201-18-00300-o-so,【アウトレット】 スタイラス デジタイザー タッチペン　N-trig [LS04-A09],1,amazon.jp,Amazon,,奈良県,636-0154,,"1,045.00",105,373,37,0,0,0,-373,-37,-127,-282,0,0,741
2020/10/02 13:37:52JST,10720211323,注文,249-9828366-9566200,rg-20200809-27-03500-o-so,旧モデル Canon インクジェットプリンター PIXUSIP100 モバイルコンパクト,1,amazon.jp,Amazon,,千葉県,299-0111,,"7,218.00",722,0,0,0,0,0,0,0,-699,-467,0,0,"6,774.00"
2020/10/02 14:38:22JST,10720211323,注文,503-4105827-8265411,us-20200801-09-00150-o-so,brother 廃トナーボックス WT-223CL,1,amazon.jp,Amazon,,神奈川県,253-0106,,"1,982.00",198,0,0,0,0,0,0,0,-191,-467,0,0,"1,522.00"
2020/10/02 15:16:05JST,10720211323,注文,250-4936533-8586265,si-20200904-46-04400-o-so,Jaybird X4 ワイヤレスイヤホン Bluetooth/防水・防汗対応(IPX7)/連続再生8時間/スポーツ対応 アルファメタリック JBD-X4,1,amazon.jp,Amazon,,東京都,201-0001,,"6,157.00",616,0,0,0,0,0,0,0,-745,-421,0,0,"5,607.00"
2020/10/02 15:16:05JST,10720211323,注文,503-4702742-4412603,tm-20191226-02-00500-o-so,Intel純正 CPUクーラー LGA1151,1,amazon.jp,Amazon,,東京都,121-0824,,"1,718.00",172,0,0,0,0,0,0,0,-166,-421,0,0,"1,303.00"
2020/10/02 15:28:28JST,10720211323,注文,249-4684010-4379860,ic-20200620-31-00800-o-so,hp USB日本語キーボード KU-1156 ブラック,1,amazon.jp,Amazon,,大分県,870-0128,,"2,709.00",271,0,0,0,0,-1,0,0,-262,-712,0,0,"2,005.00"
2020/10/02 15:45:25JST,10720211323,返金,249-6635093-0254205,ap-20200721-48-00300-o-so,Wacom ペンタブレット Sサイズ ホワイト フォトショップエレメンツ&ペインターエッセンシャル付属 Bamboo Fun CTH-470,1,amazon.jp,Amazon,,東京都,115-0055,,"-1,618.00",-162,0,0,0,0,0,0,0,141,0,0,0,"-1,639.00"
2020/10/02 15:57:17JST,10720211323,注文,503-7080002-0024637,tm-20200904-45-02178-o-so,AMD Wraith Prism RGB CPUクーラー AM4 4ピンコネクター 銅ベース/アルミヒートシンク,1,amazon.jp,Amazon,,香川県,762-0054,,"5,431.00",543,0,0,0,0,0,0,0,-526,-421,0,0,"5,027.00"
2020/10/02 16:20:52JST,10720211323,注文,250-0036633-4415043,gf-20200801-02-00330-o-sos,1/144 RX-78-2 ガンダム (機動戦士ガンダム),1,amazon.jp,Amazon,,愛知県,463-0022,,"1,355.00",135,0,0,0,0,0,0,0,-164,-421,0,0,905
2020/10/02 17:15:16JST,10720211323,注文,250-6075789-5947029,si-20200904-23-00000-o-so,iBUFFALO 電源連動節電機能付き 4ポートセルフパワーハブ ホワイト BSH4AE12WH,1,amazon.jp,Amazon,,宮城県,983-0045,,891,89,373,37,0,0,0,-373,-37,-108,-421,0,0,451
2020/10/02 18:34:27JST,10720211323,注文,250-1568847-8863805,oc-20190927-41-00054-o-so,くるくるチョコレート工場 ヒミツのここたま チョコレート型セット,1,amazon.jp,Amazon,,兵庫県,651-1321,,355,36,0,0,0,0,0,0,0,-43,-421,0,0,-73
2020/10/02 19:35:20JST,10720211323,注文,250-3305591-9060647,gf-20190927-50-03740-o-so,HG 1/144 ガンダムベース限定 ユニコーンガンダム ペルフェクティビリティ(デストロイモード) 機動戦士ガンダムU,1,amazon.jp,Amazon,,神奈川県,227-0031,,"4,982.00",498,0,0,0,0,0,0,0,-603,-467,0,0,"4,410.00"
2020/10/02 21:17:18JST,10720211323,注文,503-2605873-7204608,gf-20190927-50-03740-o-so,HG 1/144 ガンダムベース限定 ユニコーンガンダム ペルフェクティビリティ(デストロイモード) 機動戦士ガンダムU,1,amazon.jp,Amazon,,神奈川県,259-0112,,"4,982.00",498,0,0,0,0,0,0,0,-603,-467,0,0,"4,410.00"
2020/10/02 22:11:41JST,10720211323,注文,503-2897337-3344633,si-20200904-23-00000-o-so,iBUFFALO 電源連動節電機能付き 4ポートセルフパワーハブ ホワイト BSH4AE12WH,1,amazon.jp,Amazon,,三重県,515-0063,,891,89,186,19,0,0,0,-186,-19,-108,-421,0,0,451
2020/10/03 02:23:43JST,10720211323,注文,249-9083905-2862203,tm-20191226-02-00500-o-so,Intel純正 CPUクーラー LGA1151,1,amazon.jp,Amazon,,大阪府,561-0815,,"1,718.00",172,0,0,0,0,0,0,0,-166,-421,0,0,"1,303.00"
2020/10/03 02:24:15JST,10720211323,注文,249-3045219-3435822,us-20200801-09-00150-o-so,brother 廃トナーボックス WT-223CL,1,amazon.jp,Amazon,,東京都,192-0907,,"1,982.00",198,0,0,0,0,0,0,0,-191,-467,0,0,"1,522.00"
2020/10/03 02:24:21JST,10720211323,注文,249-7041884-0951067,us-20200801-09-00150-o-so,brother 廃トナーボックス WT-223CL,1,amazon.jp,Amazon,,東京都,197-0802,,"1,982.00",198,0,0,0,0,0,0,0,-191,-467,0,0,"1,522.00"
2020/10/03 11:09:14JST,10720211323,注文,249-9238782-3927008,us-20200801-09-00150-o-so,brother 廃トナーボックス WT-223CL,1,amazon.jp,Amazon,,神奈川県,210-0834,,"1,982.00",198,0,0,0,0,0,0,0,-191,-467,0,0,"1,522.00"
2020/10/03 12:40:12JST,10720211323,注文,503-0152454-6042203,si-20200904-46-04400-o-so,Jaybird X4 ワイヤレスイヤホン Bluetooth/防水・防汗対応(IPX7)/連続再生8時間/スポーツ対応 アルファメタリック JBD-X4,1,amazon.jp,Amazon,,長崎県,811-5226,,"6,157.00",616,205,20,0,0,0,-205,-20,-745,-421,0,0,"5,607.00"
2020/10/03 15:49:50JST,10720211323,注文,250-8622719-1262248,us-20200801-09-00150-o-so,brother 廃トナーボックス WT-223CL,1,amazon.jp,Amazon,,兵庫県,674-0063,,"1,982.00",198,373,37,0,0,0,-373,-37,-191,-467,0,0,"1,522.00"
2020/10/03 15:50:31JST,10720211323,注文,250-4513846-6313407,si-20200904-23-00000-o-so,iBUFFALO 電源連動節電機能付き 4ポートセルフパワーハブ ホワイト BSH4AE12WH,1,amazon.jp,Amazon,,兵庫県,665-0843,,891,89,0,0,0,0,0,0,0,-108,-421,0,0,451
2020/10/03 16:59:06JST,10720211323,注文,250-8094850-7874222,rs-20200828-22-09900-o-so,キャラクター・ボーカル・シリーズ01 初音ミク 初音ミク 超歌舞伎 花街詞合鏡Ver. 1/7スケール ABS&PVC製 塗装済み?,1,amazon.jp,Amazon,,北海道,006-0815,,"12,609.00","1,261.00",25,3,0,0,0,-25,-3,"-1,526.00",-815,0,0,"11,529.00"
2020/10/03 17:41:10JST,10720211323,注文,503-6277439-1977456,ic-20200620-31-00800-o-so,hp USB日本語キーボード KU-1156 ブラック,1,amazon.jp,Amazon,,東京都,120-0035,,"2,709.00",271,125,12,0,0,-1,-125,-12,-262,-712,0,0,"2,005.00"
2020/10/03 17:48:37JST,10720211323,注文,249-9740158-5047025,rs-20200904-18-08000-o-so,ARTFX J 鬼滅の刃 竈門炭治郎 1/8スケール PVC製 塗装済み完成品フィギュア,1,amazon.jp,Amazon,,愛知県,470-2212,,"10,364.00","1,036.00",0,0,0,0,0,0,0,"-1,254.00",-467,0,0,"9,679.00"
2020/10/03 17:49:26JST,10720211323,注文,249-1136156-0473465,ic-20200620-31-00800-o-so,hp USB日本語キーボード KU-1156 ブラック,1,amazon.jp,Amazon,,岡山県,701-0204,,"2,709.00",271,373,37,0,0,-1,-373,-37,-262,-712,0,0,"2,005.00"
2020/10/03 22:54:08JST,10720211323,注文,249-8868571-9036632,oc-20200614-07-01000-o-so,トランスフォーマー SS-24 ボーンクラッシャー,1,amazon.jp,Amazon,,神奈川県,220-0012,,"1,882.00",188,0,0,0,0,0,0,0,-228,-421,0,0,"1,421.00"
2020/10/03 23:22:46JST,10720211323,注文,250-4921351-5300667,wm-20200926-15-14663-o-so,PlayStation 4 ジェット・ブラック 500GB (CUH-2200AB01),1,amazon.jp,Amazon,,愛知県,441-8108,,"24,982.00","2,498.00",0,0,0,0,0,0,0,"-2,418.00",-548,0,0,"24,514.00"
2020/10/03 23:28:11JST,10720211323,注文,503-2809031-7622258,gf-20200809-01-07700-o-so,RG ペルフェクティビリティ 1/144 ユニコーンガンダム リアルグレード ガンダムベース限定UCガンプラ,1,amazon.jp,Amazon,,岐阜県,503-0022,,"9,709.00",971,0,0,0,0,0,0,0,"-1,175.00",-467,0,0,"9,038.00"
2020/10/04 00:28:08JST,10720211323,注文,503-3645103-8532643,rs-20200813-15-00440-o-so,SET LIST ?劇場版 うたの☆プリンスさまっ♪ マジLOVEキングダム 挿入歌集?,1,amazon.jp,Amazon,,東京都,164-0013,,362,36,0,0,0,0,0,0,0,-220,-282,0,0,-104
2020/10/04 01:10:13JST,10720211323,注文,503-1497675-9595061,tm-20191226-02-00500-o-so,Intel純正 CPUクーラー LGA1151,1,amazon.jp,Amazon,,愛知県,480-0102,,"1,718.00",172,0,0,0,0,0,0,0,-166,-421,0,0,"1,303.00"
2020/10/04 02:44:21JST,10720211323,注文,250-8925869-5140668,tm-20200904-45-02178-o-so,AMD Wraith Prism RGB CPUクーラー AM4 4ピンコネクター 銅ベース/アルミヒートシンク,1,amazon.jp,Amazon,,群馬県,371-0133,,"5,431.00",543,0,0,0,0,0,0,0,-526,-421,0,0,"5,027.00"
2020/10/04 05:16:31JST,10720211323,注文,503-5274006-1772614,rs-20200904-19-00500-o-so,NARUTO-ナルト- 疾風伝 VIBRATION STARS-HATAKE KAKASHI-,1,amazon.jp,Amazon,,鹿児島県,891-5201,,"1,909.00",191,140,14,0,0,0,-140,-14,-231,-421,0,0,"1,448.00"
2020/10/04 06:07:08JST,10720211323,注文,249-4769564-4826222,te-20200926-17-00500-o-so,エレコム カメラバッグ ボディバッグ offtoco ショルダーバッグ 斜めがけ [ 参考収容寸法(カメラ収納部):90×65×190m,1,amazon.jp,Amazon,,北海道,089-1181,,"1,800.00",180,0,0,0,0,0,0,0,-218,-421,0,0,"1,341.00"
2020/10/04 09:28:42JST,10720211323,注文,249-3470885-1579030,oc-20200828-16-00176-o-so,妖怪ウォッチ 妖怪メダルトレジャー04 巨石文明の二つの奇跡(BOX),1,amazon.jp,Amazon,,京都府,625-0083,,909,91,125,12,0,0,0,-125,-12,-110,-421,0,0,469
2020/10/04 12:08:48JST,10720211323,注文,250-5234479-8640668,gf-20200809-01-07700-o-so,RG ペルフェクティビリティ 1/144 ユニコーンガンダム リアルグレード ガンダムベース限定UCガンプラ,1,amazon.jp,Amazon,,三重県,510-0812,,"9,527.00",953,125,12,0,0,0,-125,-12,"-1,153.00",-467,0,0,"8,860.00"
2020/10/04 12:51:12JST,10720211323,注文,250-0560932-2294258,si-20200926-22-02200-o-so,サンワサプライ カメラ用アーム クランプ式 CR-LACAM2,1,amazon.jp,Amazon,,神奈川県,251-8511,,"1,800.00",180,0,0,0,0,0,0,0,-174,-467,0,0,"1,339.00"
2020/10/04 12:55:59JST,10720211323,注文,250-4251938-7695019,gf-20200809-01-07700-o-so,RG ペルフェクティビリティ 1/144 ユニコーンガンダム リアルグレード ガンダムベース限定UCガンプラ,1,amazon.jp,Amazon,,栃木県,325-0016,,"9,709.00",971,373,37,0,0,0,-373,-37,"-1,175.00",-467,0,0,"9,038.00"
2020/10/04 13:48:42JST,10720211323,注文,503-8039569-1121418,gf-20200809-01-07700-o-so,RG ペルフェクティビリティ 1/144 ユニコーンガンダム リアルグレード ガンダムベース限定UCガンプラ,1,amazon.jp,Amazon,,兵庫県,661-0044,,"9,709.00",971,373,37,0,0,0,-373,-37,"-1,175.00",-467,0,0,"9,038.00"
2020/10/04 14:58:19JST,10720211323,注文,249-2596633-2424602,gf-20200809-01-07700-o-so,RG ペルフェクティビリティ 1/144 ユニコーンガンダム リアルグレード ガンダムベース限定UCガンプラ,1,amazon.jp,Amazon,,山形県,990-0523,,"9,709.00",971,0,0,0,0,0,0,0,"-1,175.00",-467,0,0,"9,038.00"
2020/10/04 16:36:23JST,10720211323,注文,503-0784284-7709414,gf-20200606-03-03300-o-so,HG 1/144 ガンダムベース限定 ナラティブガンダム B装備 機動戦士ガンダムUC(ユニコーン),1,amazon.jp,Amazon,,山口県,747-0022,,"4,264.00",426,373,37,0,0,0,-373,-37,-516,-467,0,0,"3,707.00"
2020/10/04 16:37:33JST,10720211323,注文,250-7839108-5630217,gf-20200606-03-03300-o-so,HG 1/144 ガンダムベース限定 ナラティブガンダム B装備 機動戦士ガンダムUC(ユニコーン),1,amazon.jp,Amazon,,岐阜県,501-3142,,"4,264.00",426,373,37,0,0,0,-373,-37,-516,-467,0,0,"3,707.00"
2020/10/04 18:09:04JST,10720211323,注文,503-8026229-4448642,rs-20200904-31-02400-o-so,ねんどろいど アベンジャーズ/エンドゲーム キャプテン・アメリカ エンドゲーム・エディション スタンダードV,1,amazon.jp,Amazon,,東京都,156-0057,,"3,618.00",362,0,0,0,0,0,0,0,-438,-421,0,0,"3,121.00"
2020/10/04 18:12:32JST,10720211323,注文,503-8914999-6215033,gf-20200809-01-07700-o-so,RG ペルフェクティビリティ 1/144 ユニコーンガンダム リアルグレード ガンダムベース限定UCガンプラ,1,amazon.jp,Amazon,,埼玉県,356-0036,,"9,709.00",971,0,0,0,0,0,0,0,"-1,175.00",-797,0,300,"9,038.00"
2020/10/04 18:16:49JST,10720211323,注文,250-3946401-4929421,rs-20200926-04-01760-o-so,仮面ライダージオウ DXアナザーウォッチセットVOL.2,1,amazon.jp,Amazon,,長崎県,857-0353,,"2,982.00",298,0,0,0,0,0,0,0,-361,-421,0,0,"2,498.00"
2020/10/04 18:24:29JST,10720211323,注文,503-0381683-2668621,si-20200904-23-00000-o-so,iBUFFALO 電源連動節電機能付き 4ポートセルフパワーハブ ホワイト BSH4AE12WH,1,amazon.jp,Amazon,,兵庫県,661-0024,,891,89,0,0,0,0,0,0,0,-108,-421,0,0,451
2020/10/04 23:12:32JST,10720211323,注文,503-6135057-3131854,rs-20200926-06-02552-o-so,ねんどろいど プロメア ガロ・ティモス ノンスケール ABS&PVC製 塗装済み可動フィギュア,1,amazon.jp,Amazon,,東京都,192-0045,,"3,491.00",349,0,0,0,0,0,0,0,-422,-421,0,0,"2,997.00"
2020/10/05 00:52:57JST,10720211323,注文,503-4655408-2559825,gn-20191207-23-01978-o-so,東芝 アクティブ静電ペン dynabook Tab用 IPCZ131A,1,amazon.jp,Amazon,,東京都,176-0003,,"2,909.00",291,0,0,0,0,0,0,0,-282,-421,0,0,"2,497.00"
2020/10/05 02:17:23JST,10720211323,注文,249-8074604-2101440,gf-20200809-01-07700-o-so,RG ペルフェクティビリティ 1/144 ユニコーンガンダム リアルグレード ガンダムベース限定UCガンプラ,1,amazon.jp,Amazon,,埼玉県,362-0063,,"9,709.00",971,0,0,0,0,0,0,0,"-1,175.00",-467,0,0,"9,038.00"
2020/10/05 06:04:23JST,10720211323,注文,503-7931471-9205467,gf-20200809-01-07700-o-so,RG ペルフェクティビリティ 1/144 ユニコーンガンダム リアルグレード ガンダムベース限定UCガンプラ,1,amazon.jp,Amazon,,京都府,623-0011,,"9,709.00",971,0,0,0,0,0,0,0,"-1,175.00",-797,0,300,"9,038.00"
2020/10/05 06:18:38JST,10720211323,注文,250-5413228-6961424,ap-20190706-14-00300-o-so,INTEL純正 LGA1155/LGA1156 CPUクーラー,1,amazon.jp,Amazon,,兵庫県,665-0873,,"1,636.00",164,0,0,0,0,-18,0,0,-157,-421,0,0,"1,204.00"
2020/10/05 12:57:31JST,10730550633,注文,249-1079099-7182224,tm-20200904-05-00638-o-so,エレコム 自撮り棒 セルカ棒 Bluetooth リモコン付 ブラック P-SSBBK,1,amazon.jp,Amazon,,東京都,194-0212,,"1,536.00",154,93,9,0,0,0,-93,-9,-149,-421,0,0,"1,120.00"
2020/10/05 13:02:08JST,10730550633,注文,249-4824007-7869425,tm-20191226-02-00500-o-so,Intel純正 CPUクーラー LGA1151,1,amazon.jp,Amazon,,茨城県,300-4546,,"1,718.00",172,373,37,0,0,0,-373,-37,-166,-751,0,300,"1,303.00"
2020/10/05 13:35:27JST,10730550633,注文,250-9792004-5037460,tm-20200904-05-00638-o-so,エレコム 自撮り棒 セルカ棒 Bluetooth リモコン付 ブラック P-SSBBK,1,amazon.jp,Amazon,,神奈川県,224-0057,,"1,536.00",154,0,0,0,0,0,0,0,-149,-421,0,0,"1,120.00"
2020/10/05 15:11:59JST,10730550633,注文,250-1199349-1439803,tm-20200904-45-02178-o-so,AMD Wraith Prism RGB CPUクーラー AM4 4ピンコネクター 銅ベース/アルミヒートシンク,1,amazon.jp,Amazon,,東京都,111-0054,,"5,431.00",543,0,0,0,0,0,0,0,-526,-421,0,0,"5,027.00"
2020/10/05 18:07:42JST,10730550633,注文,250-2220367-6557454,gf-20200809-01-07700-o-so,RG ペルフェクティビリティ 1/144 ユニコーンガンダム リアルグレード ガンダムベース限定UCガンプラ,1,amazon.jp,Amazon,,沖縄県,904-2161,,"9,709.00",971,409,41,0,0,0,-409,-41,"-1,175.00",-467,0,0,"9,038.00"
2020/10/05 18:37:58JST,10730550633,注文,503-5348678-3939062,us-20200801-09-00150-o-so,brother 廃トナーボックス WT-223CL,1,amazon.jp,Amazon,,東京都,144-0034,,"2,164.00",216,0,0,0,0,0,0,0,-209,-467,0,0,"1,704.00"
2020/10/06 00:01:06JST,10730550633,注文,503-7167808-9199842,tm-20191226-02-00500-o-so,Intel純正 CPUクーラー LGA1151,1,amazon.jp,Amazon,,滋賀県,520-0013,,"1,718.00",172,0,0,0,0,0,0,0,-166,-421,0,0,"1,303.00"
2020/10/06 05:12:52JST,10730550633,返金,249-9828366-9566200,rg-20200809-27-03500-o-so,旧モデル Canon インクジェットプリンター PIXUSIP100 モバイルコンパクト,1,amazon.jp,Amazon,,千葉県,299-0111,,"-7,218.00",-722,0,0,0,0,0,0,0,629,0,0,0,"-7,311.00"
2020/10/06 06:36:31JST,10730550633,注文,249-5522243-8180654,rs-20200904-29-02640-o-so,ねんどろいど ゾンビランドサガ 源さくら ノンスケール ABS&PVC製 塗装済み可動フィギュア,1,amazon.jp,Amazon,,神奈川県,211-0025,,"3,909.00",391,0,0,0,0,0,0,0,-473,-421,0,0,"3,406.00"
2020/10/06 12:17:16JST,10730550633,振込み,,,次が末尾の口座へ： 4078,,,,,,,,0,0,0,0,0,0,0,0,0,0,0,0,"-635,165.00","-635,165.00"
2020/10/06 13:02:46JST,10730550633,注文,250-7394460-9546230,wm-20200926-16-18590-o-so,PlayStation 4 Pro ジェット・ブラック 1TB (CUH-7000BB01) 【メーカー生産終了】,1,amazon.jp,Amazon,,東京都,144-0044,,"25,436.00","2,544.00",373,37,0,0,0,-373,-37,"-2,462.00",-467,0,0,"25,051.00"
2020/10/06 13:06:29JST,10730550633,注文,250-3700583-6819033,tm-20200904-45-02178-o-so,AMD Wraith Prism RGB CPUクーラー AM4 4ピンコネクター 銅ベース/アルミヒートシンク,1,amazon.jp,Amazon,,大阪府,565-0873,,"5,431.00",543,0,0,0,0,0,0,0,-526,-421,0,0,"5,027.00"
2020/10/06 15:33:49JST,10730550633,注文,503-9206628-7435069,jp-20200926-23-02980-o-so,【国内正規品】　PAPERANG　スマホ対応プリンター　FT-057　ペーパーラング　サーマルプリンター,1,amazon.jp,Amazon,,東京都,111-0021,,"4,527.00",453,0,0,0,0,0,0,0,-438,-421,0,0,"4,121.00"
2020/10/06 16:21:31JST,10730550633,注文,250-0300020-1212616,tm-20191226-02-00500-o-so,Intel純正 CPUクーラー LGA1151,1,amazon.jp,Amazon,,東京都,140-0013,,"1,718.00",172,0,0,0,0,0,0,0,-166,-421,0,0,"1,303.00"
2020/10/06 16:29:36JST,10730550633,返金,250-0813923-1589439,pk-20200828-10-04000-o-so,Razer Mamba Wireless 無線/有線両対応 ゲーミングマウス 【日本正規代理店保証品】 RZ01-02710100-R3M1 ブラック,1,amazon.jp,Amazon,,徳島県,771-0201,,"-5,436.00",-544,0,0,0,0,0,0,0,592,0,0,0,"-5,388.00"
2020/10/06 17:10:06JST,10730550633,注文,503-4377989-8789434,rs-20200904-36-02552-o-so,figma 俺の妹がこんなに可愛いわけがない 黒猫 “聖天使神猫”ver. （電撃屋限定）,1,amazon.jp,Amazon,,東京都,115-0043,,"3,618.00",362,0,0,0,0,0,0,0,-438,-421,0,0,"3,121.00"
2020/10/06 22:11:57JST,10730550633,注文,249-5190627-5851069,ap-20191021-30-00300-o-so,PENTAX 一眼カメラケース ホワイト O-CC133 WHITE 38832,1,amazon.jp,Amazon,,京都府,625-0087,,"1,073.00",107,0,0,0,0,0,0,0,-130,-421,0,0,629
2020/10/06 23:21:48JST,10730550633,注文,249-4156667-2072659,wm-20200926-18-01830-o-so,Xbox 360 (60GB:HDMI端子搭載) 【メーカー生産終了】,1,amazon.jp,Amazon,,埼玉県,352-0035,,"4,527.00",453,0,0,0,0,0,0,0,-438,-815,0,0,"3,727.00"
2020/10/07 00:21:27JST,10730550633,注文,503-8706949-2248623,tm-20200904-45-02178-o-so,AMD Wraith Prism RGB CPUクーラー AM4 4ピンコネクター 銅ベース/アルミヒートシンク,1,amazon.jp,Amazon,,神奈川県,250-0001,,"5,431.00",543,0,0,0,0,0,0,0,-526,-421,0,0,"5,027.00"
2020/10/07 00:25:52JST,10730550633,注文,503-3841380-1128633,gn-20191207-23-01978-o-so,東芝 アクティブ静電ペン dynabook Tab用 IPCZ131A,1,amazon.jp,Amazon,,富山県,933-0804,,"2,909.00",291,0,0,0,0,0,0,0,-282,-421,0,0,"2,497.00"
2020/10/07 00:29:52JST,10730550633,FBA 在庫関連の手数料,,,FBA保管手数料：,,Amazon.co.jp,,,,,,0,0,0,0,0,0,0,0,0,0,0,0,"-6,555.00","-6,555.00"
2020/10/07 00:37:00JST,10730550633,注文,250-4801680-8401468,oc-20190927-41-00054-o-so,くるくるチョコレート工場 ヒミツのここたま チョコレート型セット,1,amazon.jp,Amazon,,岐阜県,503-0023,,355,36,0,0,0,0,0,0,0,-43,-421,0,0,-73
2020/10/07 09:58:51JST,10730550633,注文,249-0859521-4840612,ap-20200303-13-00300-o-so,PENTAX 一眼カメラケース ブラック O-CC133 BLACK 38835,1,amazon.jp,Amazon,,兵庫県,665-0024,,"1,327.00",133,0,0,0,0,0,0,0,-161,-421,0,0,878
2020/10/07 10:18:05JST,10730550633,注文,250-6239151-4161427,rs-20200926-05-00784-o-so,HCM-Pro 28 ヤクト・ドーガ(ギュネイ・ガス専用機) (機動戦士ガンダム 逆襲のシャア),1,amazon.jp,Amazon,,北海道,001-0903,,"1,800.00",180,0,0,0,0,0,0,0,-218,-421,0,0,"1,341.00"
2020/10/07 13:10:41JST,10730550633,注文,250-3333490-9889434,tm-20200904-45-02178-o-so,AMD Wraith Prism RGB CPUクーラー AM4 4ピンコネクター 銅ベース/アルミヒートシンク,1,amazon.jp,Amazon,,愛知県,470-0206,,"5,431.00",543,0,0,0,0,0,0,0,-526,-421,0,0,"5,027.00"
2020/10/07 16:01:46JST,10730550633,注文,250-2498437-2220665,wm-20200813-02-16500-o-so,マイクロソフト Surface 3 64GB WiFiモデル 7G5-00026,1,amazon.jp,Amazon,,東京都,104-0061,,"18,000.00","1,800.00",0,0,0,0,0,0,0,"-1,742.00",-467,0,0,"17,591.00"
2020/10/07 16:58:16JST,10730550633,注文,249-5284085-2818227,rs-20200904-31-02400-o-so,ねんどろいど アベンジャーズ/エンドゲーム キャプテン・アメリカ エンドゲーム・エディション スタンダードV,1,amazon.jp,Amazon,,三重県,518-0409,,"3,618.00",362,0,0,322,32,0,0,0,-438,-775,0,0,"3,121.00"
2020/10/07 18:43:47JST,10730550633,注文,249-8044139-8378233,oc-20190927-41-00054-o-so,くるくるチョコレート工場 ヒミツのここたま チョコレート型セット,1,amazon.jp,Amazon,,静岡県,430-0835,,355,36,0,0,0,0,0,0,0,-43,-421,0,0,-73
2020/10/07 21:51:26JST,10730550633,注文,250-6651309-1467869,wm-20200926-24-00980-o-so,Wii本体 (シロ) (「Wiiリモコンジャケット」同梱) (RVL-S-WD) 【メーカー生産終了】,1,amazon.jp,Amazon,,静岡県,422-8033,,"2,164.00",216,0,0,0,0,0,0,0,-209,-467,0,0,"1,704.00"
2020/10/07 23:32:50JST,10730550633,注文,249-7410347-3527850,tm-20191226-02-00500-o-so,Intel純正 CPUクーラー LGA1151,1,amazon.jp,Amazon,,神奈川県,253-0084,,"1,718.00",172,0,0,0,0,0,0,0,-166,-421,0,0,"1,303.00"
2020/10/08 00:27:54JST,10730550633,注文,250-4486179-9975065,wm-20200926-01-00220-o-so,ゲームボーイアドバンストゥゲームキューブ リンクケーブル,1,amazon.jp,Amazon,,東京都,144-0051,,"1,345.00",135,186,19,0,0,0,-186,-19,-244,-381,0,0,855
2020/10/08 02:07:59JST,10730550633,注文,503-5969903-2242245,tz-20200828-02-00600-o-so,LINE Clova Friends Dock(赤外線リモコン) NL-A201JP,1,amazon.jp,Amazon,,大阪府,532-0028,,"1,273.00",127,0,0,0,0,0,0,0,-154,-381,0,0,865
2020/10/08 05:20:45JST,10730550633,注文,249-3004520-3566246,tm-20200904-45-02178-o-so,AMD Wraith Prism RGB CPUクーラー AM4 4ピンコネクター 銅ベース/アルミヒートシンク,1,amazon.jp,Amazon,,神奈川県,243-0812,,"5,431.00",543,0,0,0,0,0,0,0,-526,-421,0,0,"5,027.00"
2020/10/08 06:19:36JST,10730550633,注文,249-6869970-1012669,wm-20200627-07-04500-o-so,PlayStation 3 (160GB) クラシック・ホワイト (CECH-3000A LW)【メーカー生産終了】,1,amazon.jp,Amazon,,新潟県,949-7302,,"6,345.00",635,0,0,0,0,0,0,0,-614,-548,0,0,"5,818.00"
2020/10/08 10:15:41JST,10730550633,FBA 在庫関連の手数料,vk9s8NA547,,FBA在庫の返送手数料,,Amazon.co.jp,,,,,,0,0,0,0,0,0,0,0,0,0,0,0,-150,-150
2020/10/08 13:26:12JST,10730550633,注文,250-4682862-1114212,ap-20200721-48-00300-o-so,Wacom ペンタブレット Sサイズ ホワイト フォトショップエレメンツ&ペインターエッセンシャル付属 Bamboo Fun CTH-470,1,amazon.jp,Amazon,,京都府,629-0311,,"1,618.00",162,373,37,0,0,0,-373,-37,-156,-797,0,300,"1,157.00"
2020/10/08 14:43:18JST,10730550633,注文,250-8002610-2712636,oc-20200828-16-00176-o-so,妖怪ウォッチ 妖怪メダルトレジャー04 巨石文明の二つの奇跡(BOX),1,amazon.jp,Amazon,,青森県,030-1308,,909,91,0,0,0,0,0,0,0,-110,-421,0,0,469
2020/10/08 15:25:41JST,10730550633,注文,503-3659785-0215815,gf-20200606-03-03300-o-so,HG 1/144 ガンダムベース限定 ナラティブガンダム B装備 機動戦士ガンダムUC(ユニコーン),1,amazon.jp,Amazon,,兵庫県,650-0023,,"4,264.00",426,0,0,0,0,0,0,0,-516,-467,0,0,"3,707.00"
2020/10/08 16:58:57JST,10730550633,注文,249-8959535-6689462,wm-20200620-29-00300-o-so,【2005年モデル】ELECOM マウス ボール式 USB接続 ブラック M-M1UBK,1,amazon.jp,Amazon,,埼玉県,350-1114,,"1,800.00",180,75,7,0,0,0,-75,-7,-436,-421,0,0,"1,123.00"
2020/10/08 16:58:57JST,10730550633,注文,249-8959535-6689462,wm-20200620-29-00300-o-so,【2005年モデル】ELECOM マウス ボール式 USB接続 ブラック M-M1UBK,1,amazon.jp,Amazon,,埼玉県,350-1114,,"1,800.00",180,75,7,0,0,0,-75,-7,0,-421,0,0,"1,559.00"
2020/10/08 18:21:36JST,10730550633,注文,503-4057888-0795037,oc-20200828-16-00176-o-so,妖怪ウォッチ 妖怪メダルトレジャー04 巨石文明の二つの奇跡(BOX),1,amazon.jp,Amazon,,大阪府,571-0048,,909,91,0,0,0,0,0,0,0,-110,-421,0,0,469
2020/10/08 18:35:58JST,10730550633,注文,503-3299793-1107823,gf-20200801-02-00330-o-sos,1/144 RX-78-2 ガンダム (機動戦士ガンダム),1,amazon.jp,Amazon,,大分県,875-0022,,"1,355.00",135,141,14,0,0,0,-141,-14,-328,-421,0,0,741
2020/10/08 18:35:58JST,10730550633,注文,503-3299793-1107823,gf-20200801-02-00330-o-sos,1/144 RX-78-2 ガンダム (機動戦士ガンダム),1,amazon.jp,Amazon,,大分県,875-0022,,"1,355.00",135,140,14,0,0,0,-140,-14,0,-421,0,0,"1,069.00"
2020/10/08 18:36:46JST,10730550633,注文,250-1372555-7171012,ms-20200418-58-05104-o-sow,S.H.フィギュアーツ アイアンパトリオット 約160mm PVC・ABS・ダイキャスト製 塗装済み可動フィギュア,1,amazon.jp,Amazon,,Tokyo-to,120-0023,,"5,255.00",525,0,0,0,0,0,0,0,-636,-421,0,0,"4,723.00"
2020/10/08 23:17:21JST,10730550633,注文,503-8073503-4635809,rs-20200813-15-00440-o-so,SET LIST ?劇場版 うたの☆プリンスさまっ♪ マジLOVEキングダム 挿入歌集?,1,amazon.jp,Amazon,,愛知県,447-0848,,355,35,53,5,0,0,0,-53,-5,-219,-282,0,0,-111
2020/10/09 02:13:57JST,10730550633,注文,249-2770709-8507845,wm-20200926-18-01830-o-so,Xbox 360 (60GB:HDMI端子搭載) 【メーカー生産終了】,1,amazon.jp,Amazon,,千葉県,271-0077,,"4,527.00",453,0,0,0,0,0,0,0,-438,-815,0,0,"3,727.00"
2020/10/09 02:29:11JST,10730550633,注文,250-5402703-1348658,rg-20200809-27-03500-o-so,旧モデル Canon インクジェットプリンター PIXUSIP100 モバイルコンパクト,1,amazon.jp,Amazon,,東京都,156-0057,,"6,618.00",662,0,0,0,0,0,0,0,-640,-467,0,0,"6,173.00"
2020/10/09 06:30:37JST,10730550633,注文,503-2028720-3996605,tm-20200904-45-02178-o-so,AMD Wraith Prism RGB CPUクーラー AM4 4ピンコネクター 銅ベース/アルミヒートシンク,1,amazon.jp,Amazon,,東京都,111-0025,,"5,431.00",543,0,0,0,0,0,0,0,-526,-421,0,0,"5,027.00"
2020/10/09 09:01:40JST,10730550633,注文,249-4128515-9160607,us-20200801-09-00150-o-so,brother 廃トナーボックス WT-223CL,1,amazon.jp,Amazon,,東京都,178-0063,,"2,164.00",216,0,0,0,0,0,0,0,-209,-467,0,0,"1,704.00"
2020/10/09 09:28:40JST,10730550633,注文,249-9801529-7868646,tm-20200904-45-02178-o-so,AMD Wraith Prism RGB CPUクーラー AM4 4ピンコネクター 銅ベース/アルミヒートシンク,1,amazon.jp,Amazon,,神奈川県,215-0017,,"5,431.00",543,0,0,0,0,0,0,0,-526,-421,0,0,"5,027.00"
2020/10/09 10:53:13JST,10730550633,注文,250-5633296-2607061,ps-20200201-18-00300-o-so,【アウトレット】 スタイラス デジタイザー タッチペン　N-trig [LS04-A09],1,amazon.jp,Amazon,,福井県,914-0132,,"1,045.00",105,0,0,0,0,0,0,0,-127,-282,0,0,741
2020/10/09 14:59:51JST,10730550633,注文,250-4913079-5363034,rs-20200904-28-02640-o-so,ねんどろいど ストライクウィッチーズ2 ミーナ・ディートリンデ・ヴィルケ ノンスケール ABS&PVC製 塗装済み可?,1,amazon.jp,Amazon,,静岡県,412-0006,,"4,527.00",453,0,0,0,0,0,0,0,-548,-421,0,0,"4,011.00"
2020/10/09 15:21:40JST,10730550633,注文,250-7490316-9535860,pk-20200904-44-02178-o-so,HP シンプルなフレームの 日本語配列 メカニカル ゲーミングキーボード [GK320],1,amazon.jp,Amazon,,埼玉県,335-0021,,"4,618.00",462,42,4,0,0,0,0,0,-559,-758,0,0,"3,809.00"
2020/10/09 16:17:25JST,10730550633,注文,503-7437675-3559813,tz-20200828-15-00120-o-so,仮面ライダージオウ DXファイズライドウォッチ,1,amazon.jp,Amazon,,山形県,999-8212,,591,59,0,0,0,0,0,0,0,-72,-421,0,0,157
2020/10/09 16:52:11JST,10730550633,注文,249-2896767-6292614,rs-20200809-19-00500-o-so,【DVD】岡本信彦 5th Anniversary Live “DREAM GATE”,1,amazon.jp,Amazon,,東京都,151-0053,,834,83,0,0,0,0,0,0,0,-306,-282,0,0,329
2020/10/09 17:13:58JST,10730550633,注文,503-5843075-5067834,io-20200904-43-03500-o-so,UQ Speed Wi-Fi HOME L01 HWS31SWU WHITE,1,amazon.jp,Amazon,,茨城県,305-0051,,"6,800.00",680,0,0,0,0,0,0,0,-823,-421,0,0,"6,236.00"
2020/10/09 17:16:11JST,10730550633,注文,503-7607547-6747033,wm-20200721-20-05500-o-so,HUAWEI(ファーウェイ) dtab compact 16GB シルバー d-01J S docomo,1,amazon.jp,Amazon,,京都府,606-8397,,"7,455.00",745,186,19,0,0,0,-186,-19,-722,-421,0,0,"7,057.00"
2020/10/09 17:20:52JST,10730550633,注文,250-7671888-7827062,ap-20190706-14-00300-o-so,INTEL純正 LGA1155/LGA1156 CPUクーラー,1,amazon.jp,Amazon,,岡山県,701-0304,,"1,636.00",164,373,37,0,0,-18,-373,-37,-157,-421,0,0,"1,204.00"
2020/10/09 23:03:09JST,10730550633,注文,249-9452663-5020618,pk-20200310-19-04980-o-so,UQ WiMAX2+ Speed Wi-Fi NEXT WX05 ピュアホワイト,1,amazon.jp,Amazon,,千葉県,273-0035,,"6,782.00",678,0,0,0,0,0,0,0,-821,-467,0,0,"6,172.00"
2020/10/09 23:15:30JST,10730550633,注文,250-5289231-8887050,tm-20200904-45-02178-o-so,AMD Wraith Prism RGB CPUクーラー AM4 4ピンコネクター 銅ベース/アルミヒートシンク,1,amazon.jp,Amazon,,福井県,910-0374,,"5,431.00",543,0,0,0,0,0,0,0,-526,-421,0,0,"5,027.00"
2020/10/10 06:26:22JST,10730550633,注文,249-6442766-2080629,gf-20200809-01-07700-o-so,RG ペルフェクティビリティ 1/144 ユニコーンガンダム リアルグレード ガンダムベース限定UCガンプラ,1,amazon.jp,Amazon,,兵庫県,671-0231,,"9,709.00",971,0,0,0,0,0,0,0,"-1,175.00",-467,0,0,"9,038.00"
2020/10/10 13:15:11JST,10730550633,注文,250-9868862-4155045,rg-20200809-27-03500-o-so,旧モデル Canon インクジェットプリンター PIXUSIP100 モバイルコンパクト,1,amazon.jp,Amazon,,兵庫県,651-2273,,"6,618.00",662,0,0,0,0,0,0,0,-640,-467,0,0,"6,173.00"
2020/10/10 16:02:04JST,10730550633,注文,250-1725093-4401437,gf-20200904-38-00770-o-so,ガンダムベース限定 SDガンダム BB戦士 三国創傑伝 孫権ガンダムアストレイ 機動戦士ガンダムSEED VSASTRAY,1,amazon.jp,Amazon,,愛知県,481-0002,,"1,455.00",145,94,9,0,0,0,-94,-9,-176,-421,0,0,"1,003.00"
2020/10/10 17:45:40JST,10730550633,注文,503-4070758-8979834,te-20200926-17-00500-o-so,エレコム カメラバッグ ボディバッグ offtoco ショルダーバッグ 斜めがけ [ 参考収容寸法(カメラ収納部):90×65×190m,1,amazon.jp,Amazon,,群馬県,370-0018,,"1,800.00",180,0,0,0,0,0,0,0,-218,-421,0,0,"1,341.00"
2020/10/10 18:17:03JST,10730550633,返金,250-7394460-9546230,wm-20200926-16-18590-o-so,PlayStation 4 Pro ジェット・ブラック 1TB (CUH-7000BB01) 【メーカー生産終了】,1,amazon.jp,Amazon,,東京都,144-0044,,"-25,436.00","-2,544.00",-373,-37,0,0,0,373,37,"2,216.00",0,0,0,"-25,764.00"
2020/10/10 23:28:01JST,10730550633,注文,250-9896016-4491045,wm-20200926-24-00980-o-so,Wii本体 (シロ) (「Wiiリモコンジャケット」同梱) (RVL-S-WD) 【メーカー生産終了】,1,amazon.jp,Amazon,,新潟県,950-3326,,"2,164.00",216,0,0,0,0,0,0,0,-209,-467,0,0,"1,704.00"
2020/10/11 15:36:21JST,10730550633,注文,250-9560407-6484643,tm-20200904-45-02178-o-so,AMD Wraith Prism RGB CPUクーラー AM4 4ピンコネクター 銅ベース/アルミヒートシンク,1,amazon.jp,Amazon,,茨城県,312-0057,,"5,431.00",543,0,0,0,0,0,0,0,-526,-421,0,0,"5,027.00"
2020/10/11 16:13:36JST,10730550633,注文,250-0215851-5780667,at-20201113-14-00090-o-so,ELECOM PS Vita カードケース 4枚収納 【PlayStation オフィシャルライセンス】 ブラック GM-VITACM1BK,1,amazon.jp,出品者,,東京都,206-0023,,618,62,0,0,0,0,0,0,0,-112,0,0,0,568
2020/10/11 17:06:46JST,10730550633,注文,503-9506927-2184639,rg-20200809-26-03500-o-so,HP モバイル プリンター Officejet 100 Mobile CQ774A#ABJ ( ワイヤレス / インクバックアップ機能? ) ヒューレット・パッ?,1,amazon.jp,Amazon,,Tokyo-to,150-0046,,"7,255.00",725,464,46,0,0,0,0,0,-702,"-1,388.00",0,300,"6,730.00"
2020/10/11 18:40:45JST,10730550633,注文,249-7995461-0517447,wm-20200425-02-01100-o-sow,Wii U プレミアムセット shiro (WUP-S-WAFC),1,amazon.jp,Amazon,,東京都,174-0051,,"4,527.00",453,37,4,0,0,0,-37,-4,-438,-467,0,0,"4,075.00"
2020/10/12 00:36:36JST,10730550633,注文,249-2755400-8891056,gf-20200809-02-00330-o-so,1/2400 ホワイトベース (機動戦士ガンダム),1,amazon.jp,Amazon,,千葉県,290-0056,,727,73,0,0,0,0,0,0,0,-88,-421,0,0,291
2020/10/12 02:18:15JST,10730550633,注文外料金,,,SellerPayments_Report_Fee_Subscription,,Amazon.co.jp,,,,,,0,0,0,0,0,0,0,0,0,0,0,0,"-5,390.00","-5,390.00"
2020/10/12 06:30:58JST,10730550633,注文,249-4373794-6734231,rs-20200813-15-00440-o-so,SET LIST ?劇場版 うたの☆プリンスさまっ♪ マジLOVEキングダム 挿入歌集?,1,amazon.jp,Amazon,,神奈川県,251-0861,,355,35,94,9,0,0,0,-94,-9,-219,-282,0,0,-111
2020/10/12 10:19:04JST,10730550633,FBA 在庫関連の手数料,vka88RJ713,,FBA在庫の返送手数料,,Amazon.co.jp,,,,,,0,0,0,0,0,0,0,0,0,0,0,0,-485,-485
2020/10/12 11:04:33JST,10730550633,注文,503-8749336-2662220,ap-20200516-16-00300-o-so,SONY RC-S320 非接触ICカードリーダ/ライタ PaSoRi 「パソリ」,1,amazon.jp,Amazon,,東京都,101-0051,,627,63,0,0,0,0,0,0,0,-61,-381,0,0,248
2020/10/12 12:42:07JST,10730550633,注文,249-2642712-3600625,us-20200801-09-00150-o-so,brother 廃トナーボックス WT-223CL,1,amazon.jp,Amazon,,愛知県,453-0047,,"2,164.00",216,0,0,0,0,0,0,0,-209,-467,0,0,"1,704.00"
2020/10/12 12:49:50JST,10730550633,注文,250-3632661-9575051,wm-20200926-24-00980-o-so,Wii本体 (シロ) (「Wiiリモコンジャケット」同梱) (RVL-S-WD) 【メーカー生産終了】,1,amazon.jp,Amazon,,大阪府,583-0856,,"1,982.00",198,0,0,0,0,0,0,0,-191,-467,0,0,"1,522.00"
2020/10/12 14:14:05JST,10730550633,注文,249-8891181-2303852,rs-20200904-27-02544-o-so,ねんどろいど ウマ娘 プリティーダービー スペシャルウィーク ノンスケール ABS&PVC製 塗装済み可動フィギュア,1,amazon.jp,Amazon,,福島県,970-8025,,"4,345.00",435,125,12,0,0,0,-125,-12,-526,-531,0,100,"3,833.00"
2020/10/12 15:30:40JST,10730550633,注文,503-2137266-4820645,rs-20200813-15-00440-o-so,SET LIST ?劇場版 うたの☆プリンスさまっ♪ マジLOVEキングダム 挿入歌集?,1,amazon.jp,Amazon,,大阪府,574-0061,,355,35,373,37,0,0,0,-373,-37,-219,-282,0,0,-111
2020/10/12 18:03:20JST,10730550633,注文,250-9871247-4413417,wm-20200620-29-00300-o-so,【2005年モデル】ELECOM マウス ボール式 USB接続 ブラック M-M1UBK,1,amazon.jp,Amazon,,富山県,930-8136,,"1,800.00",180,0,0,0,0,0,0,0,-436,-421,0,0,"1,123.00"
2020/10/12 18:03:20JST,10730550633,注文,250-9871247-4413417,wm-20200620-29-00300-o-so,【2005年モデル】ELECOM マウス ボール式 USB接続 ブラック M-M1UBK,1,amazon.jp,Amazon,,富山県,930-8136,,"1,800.00",180,0,0,0,0,0,0,0,0,-421,0,0,"1,559.00"
2020/10/12 18:19:50JST,10730550633,注文,249-0466472-4182253,rs-20200809-19-00500-o-so,【DVD】岡本信彦 5th Anniversary Live “DREAM GATE”,1,amazon.jp,Amazon,,福岡県,827-0004,,834,83,0,0,0,0,0,0,0,-306,-282,0,0,329
2020/10/12 19:28:17JST,10730550633,注文,503-3901557-4511033,tm-20200904-05-00638-o-so,エレコム 自撮り棒 セルカ棒 Bluetooth リモコン付 ブラック P-SSBBK,1,amazon.jp,Amazon,,埼玉県,330-0054,,"1,536.00",154,0,0,0,0,0,0,0,-149,-421,0,0,"1,120.00"
2020/10/12 19:51:01JST,10730550633,返金,250-4682862-1114212,ap-20200721-48-00300-o-so,Wacom ペンタブレット Sサイズ ホワイト フォトショップエレメンツ&ペインターエッセンシャル付属 Bamboo Fun CTH-470,1,amazon.jp,Amazon,,京都府,629-0311,,"-1,618.00",-162,-373,-37,0,0,0,373,37,141,330,0,-300,"-1,639.00"
2020/10/12 23:13:09JST,10730550633,注文,503-2173647-5611027,rg-20200809-27-03500-o-so,旧モデル Canon インクジェットプリンター PIXUSIP100 モバイルコンパクト,1,amazon.jp,Amazon,,東京都,107-0052,,"6,618.00",662,0,0,0,0,0,0,0,-640,-467,0,0,"6,173.00"
2020/10/13 01:47:45JST,10730550633,注文,249-5934701-4691822,tz-20200828-04-00800-o-so,スーパーミニプラ 勇者王ガオガイガー5 (3個入) 食玩・ガム (勇者王ガオガイガー),1,amazon.jp,Amazon,,神奈川県,248-0014,,"2,255.00",225,0,0,0,0,0,0,0,-273,-421,0,0,"1,786.00"
2020/10/13 02:39:59JST,10730550633,注文,249-9884726-6612658,bf-20200904-07-04950-o-so,PlayStation 3 (320GB) チャコール・ブラック (CECH-2500B)【メーカー生産終了】,1,amazon.jp,Amazon,,東京都,192-0023,,"7,091.00",709,63,6,0,0,0,-63,-6,-686,-548,0,0,"6,566.00"
2020/10/13 04:18:46JST,10730550633,注文,250-7190672-9875830,tz-20200828-04-00800-o-so,スーパーミニプラ 勇者王ガオガイガー5 (3個入) 食玩・ガム (勇者王ガオガイガー),1,amazon.jp,Amazon,,埼玉県,355-0072,,"2,255.00",225,0,0,0,0,0,0,0,-273,-421,0,0,"1,786.00"
2020/10/13 04:50:09JST,10730550633,注文,503-5516242-8567009,wm-20200425-02-01100-o-sow,Wii U プレミアムセット shiro (WUP-S-WAFC),1,amazon.jp,Amazon,,福岡県,838-0115,,"4,527.00",453,0,0,0,0,0,0,0,-438,-467,0,0,"4,075.00"
2020/10/13 17:40:09JST,10730550633,注文,249-6249966-1347044,ic-20200620-31-00800-o-so,hp USB日本語キーボード KU-1156 ブラック,1,amazon.jp,Amazon,,東京都,113-0021,,"2,709.00",271,0,0,0,0,-1,0,0,-262,-712,0,0,"2,005.00"
2020/10/13 22:25:33JST,10730550633,注文,503-6138390-5475000,tm-20200904-45-02178-o-so,AMD Wraith Prism RGB CPUクーラー AM4 4ピンコネクター 銅ベース/アルミヒートシンク,1,amazon.jp,Amazon,,兵庫県,661-0965,,"5,431.00",543,0,0,0,0,0,0,0,-526,-421,0,0,"5,027.00"
2020/10/14 06:32:06JST,10730550633,注文,250-7057210-4535013,tz-20200828-02-00600-o-so,LINE Clova Friends Dock(赤外線リモコン) NL-A201JP,1,amazon.jp,Amazon,,徳島県,771-3311,,"1,273.00",127,0,0,0,0,0,0,0,-154,-381,0,0,865
2020/10/14 06:32:51JST,10730550633,注文,250-0067211-3473456,wm-20200501-01-01500-o-so,PlayStation 2 ミッドナイト・ブラック SCPH-50000NB【メーカー生産終了】,1,amazon.jp,Amazon,,福島県,969-6252,,"5,164.00",516,0,0,0,0,0,0,0,-499,-467,0,0,"4,714.00"
2020/10/14 06:32:58JST,10730550633,注文,503-0605262-7027810,rs-20200926-14-03050-o-so,ドラゴンクエストV 天空の花嫁 ブリングアーツ ビアンカ,1,amazon.jp,Amazon,,山形県,992-0301,,"5,182.00",518,0,0,0,0,0,0,0,-627,-751,0,300,"4,652.00"
2020/10/14 06:34:11JST,10730550633,注文,503-3497570-2763046,wm-20200614-05-01500-o-so,PlayStation 2 (SCPH-30000),1,amazon.jp,Amazon,,石川県,921-8036,,"3,545.00",355,0,0,0,0,0,0,0,-343,-467,0,0,"3,090.00"
2020/10/14 06:45:38JST,10730550633,注文,250-3487915-3963834,ps-20200201-18-00300-o-so,【アウトレット】 スタイラス デジタイザー タッチペン　N-trig [LS04-A09],1,amazon.jp,Amazon,,山形県,999-2173,,"1,045.00",105,0,0,0,0,0,0,0,-127,-282,0,0,741
2020/10/14 08:33:21JST,10730550633,注文,503-0965979-2346248,bf-20200308-18-00210-o-so,緊張して失敗する子どものためのリラックス・レッスン 親子でチャレンジ10ステップ (健康ライブラリー),1,amazon.jp,出品者,,東京都,115-0043,,209,21,318,32,0,0,0,0,0,-183,0,0,0,397
2020/10/14 10:49:16JST,10730550633,注文,250-0144571-9571801,rs-20200809-19-00500-o-so,【DVD】岡本信彦 5th Anniversary Live “DREAM GATE”,1,amazon.jp,Amazon,,神奈川県,220-0055,,834,83,0,0,0,0,0,0,0,-306,-282,0,0,329
2020/10/14 12:23:07JST,10730550633,注文,250-4114735-2678266,tm-20191226-02-00500-o-so,Intel純正 CPUクーラー LGA1151,1,amazon.jp,Amazon,,愛媛県,795-0013,,"1,718.00",172,0,0,0,0,0,0,0,-166,-421,0,0,"1,303.00"
2020/10/14 13:34:33JST,10730550633,注文,249-8822737-2542267,wm-20200501-01-01500-o-so,PlayStation 2 ミッドナイト・ブラック SCPH-50000NB【メーカー生産終了】,1,amazon.jp,Amazon,,愛知県,485-0812,,"5,164.00",516,0,0,0,0,0,0,0,-499,-467,0,0,"4,714.00"
2020/10/14 15:33:50JST,10730550633,注文,249-2494581-2679865,pk-20200904-44-02178-o-so,HP シンプルなフレームの 日本語配列 メカニカル ゲーミングキーボード [GK320],1,amazon.jp,Amazon,,新潟県,949-5407,,"4,618.00",462,0,0,0,0,0,0,0,-559,-712,0,0,"3,809.00"
2020/10/14 17:19:28JST,10730550633,注文,249-3738749-6845405,au-20201001-14-00500-o-so,鬼滅の刃 スーパープレミアムフィギュア 竈門炭治郎 SPMフィギュア,1,amazon.jp,Amazon,,東京都,169-0075,,"1,545.00",155,0,0,0,0,0,0,0,-187,-751,0,300,"1,092.00"
2020/10/14 17:19:28JST,10730550633,注文,503-2994368-7559006,tz-20200828-02-00600-o-so,LINE Clova Friends Dock(赤外線リモコン) NL-A201JP,1,amazon.jp,Amazon,,北海道,069-0382,,"1,273.00",127,0,0,0,0,0,0,0,-154,-381,0,0,865
2020/10/14 18:31:22JST,10730550633,注文,250-1925853-9553461,wm-20200721-20-05500-o-so,HUAWEI(ファーウェイ) dtab compact 16GB シルバー d-01J S docomo,1,amazon.jp,Amazon,,愛知県,465-0018,,"7,455.00",745,0,0,0,0,0,0,0,-722,-421,0,0,"7,057.00"
2020/10/15 02:24:25JST,10730550633,注文,249-7990269-3053406,rs-20200926-09-04312-o-so,【Blu-ray】『ウマ箱』(アニメ『ウマ娘 プリティーダービー』トレーナーズBOX) 全４巻セット マーケットプレイス,1,amazon.jp,Amazon,,栃木県,323-0812,,"7,255.00",725,0,0,0,0,0,0,0,"-1,471.00",-467,0,0,"6,042.00"
2020/10/15 05:47:30JST,10730550633,返金,503-4655408-2559825,gn-20191207-23-01978-o-so,東芝 アクティブ静電ペン dynabook Tab用 IPCZ131A,1,amazon.jp,Amazon,,東京都,176-0003,,"-2,909.00",-291,0,0,0,0,0,0,0,253,0,0,0,"-2,947.00"
2020/10/15 06:47:02JST,10730550633,注文,503-4983432-2991056,wm-20200501-01-01500-o-so,PlayStation 2 ミッドナイト・ブラック SCPH-50000NB【メーカー生産終了】,1,amazon.jp,Amazon,,北海道,089-3577,,"5,164.00",516,0,0,0,0,0,0,0,-499,-467,0,0,"4,714.00"
2020/10/15 07:18:11JST,10730550633,注文,503-7418321-8093458,tm-20191226-02-00500-o-so,Intel純正 CPUクーラー LGA1151,1,amazon.jp,Amazon,,広島県,730-0856,,"1,718.00",172,0,0,0,0,0,0,0,-166,-421,0,0,"1,303.00"
2020/10/15 08:47:29JST,10730550633,注文,249-5857501-1051858,us-20200801-09-00150-o-so,brother 廃トナーボックス WT-223CL,1,amazon.jp,Amazon,,茨城県,312-0062,,"2,255.00",225,186,19,0,0,0,-186,-19,-218,-467,0,0,"1,795.00"
2020/10/15 15:37:01JST,10730550633,注文,250-9835499-9083055,ap-20190706-14-00300-o-so,INTEL純正 LGA1155/LGA1156 CPUクーラー,1,amazon.jp,Amazon,,愛媛県,798-0036,,"1,709.00",171,0,0,0,0,-19,0,0,-164,-421,0,0,"1,276.00"
2020/10/15 16:50:34JST,10730550633,注文,250-5180829-0176622,wm-20200813-03-07700-o-so,マイクロソフト Surface 2 64GB 単体モデル [Windowsタブレット・Office付き] P4W-00012 (シルバー),1,amazon.jp,Amazon,,東京都,171-0033,,"8,909.00",891,0,0,0,0,0,0,0,-862,-467,0,0,"8,471.00"
2020/10/15 21:39:00JST,10730550633,注文,503-7290641-0131035,au-20201001-10-00980-o-so,MODEROID フルメタル・パニック! Invisible Victory Rk-92 サベージ [SAND] 1/60スケール PS製 組み立て式プラスチックモデル,1,amazon.jp,Amazon,,東京都,131-0031,,"2,255.00",225,0,0,0,0,0,0,0,-273,-421,0,0,"1,786.00"
2020/10/15 22:37:12JST,10730550633,注文,250-2893372-0947861,wm-20200614-04-01500-o-so,PlayStation 2 (SCPH-39000) 【メーカー生産終了】,1,amazon.jp,Amazon,,京都府,625-0087,,"3,800.00",380,0,0,0,0,0,0,0,-367,-467,0,0,"3,346.00"
2020/10/16 06:29:55JST,10730550633,注文,249-5172403-9138253,wm-20200501-01-01500-o-so,PlayStation 2 ミッドナイト・ブラック SCPH-50000NB【メーカー生産終了】,1,amazon.jp,Amazon,,千葉県,275-0002,,"5,164.00",516,0,0,0,0,0,0,0,-499,-467,0,0,"4,714.00"
2020/10/16 06:56:52JST,10730550633,注文,503-6330758-1035817,wm-20200809-14-01060-o-so,スーパーファミコン本体　コントローラー・アダプタ・ケーブル セット,1,amazon.jp,Amazon,,福岡県,819-0383,,"2,982.00",298,0,0,0,0,0,0,0,-288,-467,0,0,"2,525.00"
2020/10/16 12:11:52JST,10730550633,注文,249-8000100-8887822,wm-20200614-04-01500-o-so,PlayStation 2 (SCPH-39000) 【メーカー生産終了】,1,amazon.jp,Amazon,,神奈川県,259-1105,,"3,800.00",380,0,0,0,0,0,0,0,-367,-467,0,0,"3,346.00"
2020/10/16 14:04:31JST,10730550633,注文,503-8259036-5749442,tz-20200828-02-00600-o-so,LINE Clova Friends Dock(赤外線リモコン) NL-A201JP,1,amazon.jp,Amazon,,愛知県,467-0062,,"1,273.00",127,0,0,0,0,0,0,0,-154,-381,0,0,865
2020/10/16 15:32:49JST,10730550633,注文,503-7958260-3315020,ic-20200620-31-00800-o-so,hp USB日本語キーボード KU-1156 ブラック,1,amazon.jp,Amazon,,宮城県,981-1106,,"2,709.00",271,0,0,0,0,-1,0,0,-262,-712,0,0,"2,005.00"
2020/10/16 17:29:41JST,10730550633,注文,250-5280749-7798211,au-20201001-04-02068-o-so,TWINBIRD アイスクラッシャー CI-3546,1,amazon.jp,Amazon,,石川県,929-1113,,"3,591.00",359,0,0,0,0,0,0,0,-652,-467,0,0,"2,831.00"
2020/10/16 17:39:21JST,10730550633,注文,503-2680871-8965452,tm-20191226-02-00500-o-so,Intel純正 CPUクーラー LGA1151,1,amazon.jp,Amazon,,熊本県,861-1324,,"1,718.00",172,0,0,0,0,0,0,0,-332,-421,0,0,"1,137.00"
2020/10/16 17:39:21JST,10730550633,注文,503-2680871-8965452,tm-20191226-02-00500-o-so,Intel純正 CPUクーラー LGA1151,1,amazon.jp,Amazon,,熊本県,861-1324,,"1,718.00",172,0,0,0,0,0,0,0,0,-421,0,0,"1,469.00"
2020/10/16 17:41:37JST,10730550633,注文,503-7683293-9732614,tm-20191226-02-00500-o-so,Intel純正 CPUクーラー LGA1151,1,amazon.jp,Amazon,,福岡県,814-0103,,"1,718.00",172,0,0,0,0,0,0,0,-166,-421,0,0,"1,303.00"
2020/10/16 22:09:30JST,10730550633,注文,250-7700896-9103837,tz-20200828-01-00660-o-so,【リブライト】電動A/C型スピードポンプ静穏型 ライトブルーホワイト,1,amazon.jp,Amazon,,東京都,135-0061,,"1,436.00",144,0,0,0,0,0,0,0,-174,-421,0,0,985
2020/10/16 23:24:05JST,10730550633,注文,503-6652435-0087812,si-20200904-48-00780-o-so,Digio2 無線 5ボタン Blue LED マウス オートスピードコントロール レッド 48327,1,amazon.jp,Amazon,,青森県,038-0056,,"1,618.00",162,0,0,0,0,0,0,0,-196,-421,0,0,"1,163.00"
2020/10/17 01:21:12JST,10730550633,注文,503-5895004-6791006,wm-20200809-14-01060-o-so,スーパーファミコン本体　コントローラー・アダプタ・ケーブル セット,1,amazon.jp,Amazon,,愛知県,454-0976,,"2,964.00",296,0,0,0,0,0,0,0,-287,-467,0,0,"2,506.00"
2020/10/17 02:30:57JST,10730550633,注文,503-0214599-2883802,tm-20200904-45-02178-o-so,AMD Wraith Prism RGB CPUクーラー AM4 4ピンコネクター 銅ベース/アルミヒートシンク,1,amazon.jp,Amazon,,千葉県,274-0077,,"5,431.00",543,0,0,0,0,0,0,0,-526,-421,0,0,"5,027.00"
2020/10/17 06:12:32JST,10730550633,注文,503-1123101-8631010,ap-20200303-13-00300-o-so,PENTAX 一眼カメラケース ブラック O-CC133 BLACK 38835,1,amazon.jp,Amazon,,神奈川県,214-0014,,"1,327.00",133,0,0,0,0,0,0,0,-161,-421,0,0,878
2020/10/17 06:26:33JST,10730550633,注文,249-3719455-0249436,au-20201001-03-09680-o-so,食戟のソーマ 薙切えりな ノンスケール ABS&PVC製 塗装済み完成品フィギュア,1,amazon.jp,Amazon,,埼玉県,362-0812,,"10,455.00","1,045.00",0,0,0,0,0,0,0,"-1,265.00",-421,0,0,"9,814.00"
2020/10/17 10:30:47JST,10730550633,注文,503-3225526-9375050,wm-20200614-05-01500-o-so,PlayStation 2 (SCPH-30000),1,amazon.jp,Amazon,,大阪府,551-0021,,"3,545.00",355,0,0,0,0,0,0,0,-343,-467,0,0,"3,090.00"
2020/10/17 10:34:52JST,10730550633,注文,249-6879007-0110203,ps-20200201-18-00300-o-so,【アウトレット】 スタイラス デジタイザー タッチペン　N-trig [LS04-A09],1,amazon.jp,Amazon,,和歌山県,642-0023,,"1,045.00",105,0,0,0,0,0,0,0,-127,-282,0,0,741
2020/10/17 12:02:44JST,10730550633,注文,249-0128498-0541477,tm-20191226-02-00500-o-so,Intel純正 CPUクーラー LGA1151,1,amazon.jp,Amazon,,千葉県,275-0002,,"1,718.00",172,0,0,0,0,0,0,0,-166,-421,0,0,"1,303.00"
2020/10/17 12:24:29JST,10730550633,注文,249-9999525-1414235,rs-20200926-13-06400-o-so,【特典】ラブライブ！サンシャイン！！ Birthday Figure Project 黒澤ダイヤ 1/8 完成品フィギュア,1,amazon.jp,Amazon,,大阪府,533-0024,,"8,909.00",891,155,15,0,0,0,0,0,"-1,078.00",-718,0,0,"8,174.00"
2020/10/17 15:13:27JST,10730550633,注文,249-7123984-0171853,wm-20200614-05-01500-o-so,PlayStation 2 (SCPH-30000),1,amazon.jp,Amazon,,埼玉県,353-0007,,"3,545.00",355,373,37,0,0,0,-373,-37,-343,-467,0,0,"3,090.00"
2020/10/17 16:20:20JST,10730550633,注文,249-9840946-2347832,tm-20200904-45-02178-o-so,AMD Wraith Prism RGB CPUクーラー AM4 4ピンコネクター 銅ベース/アルミヒートシンク,1,amazon.jp,Amazon,,大阪府,594-0031,,"5,431.00",543,0,0,0,0,0,0,0,-526,-421,0,0,"5,027.00"
2020/10/17 16:24:18JST,10730550633,注文,249-5314966-5078201,oc-20200614-07-01000-o-so,トランスフォーマー SS-24 ボーンクラッシャー,1,amazon.jp,Amazon,,福島県,974-8242,,"1,882.00",188,0,0,0,0,0,0,0,-228,-421,0,0,"1,421.00"
2020/10/17 16:46:22JST,10730550633,注文,249-7889235-8720660,gf-20200809-02-00330-o-so,1/2400 ホワイトベース (機動戦士ガンダム),1,amazon.jp,Amazon,,福岡県,822-1405,,727,73,0,0,0,0,0,0,0,-88,-421,0,0,291
2020/10/17 17:09:36JST,10730550633,注文,250-0868069-1670206,gf-20191130-03-13200-o-so,MG 1/100 ガンダムベース限定 ユニコーンガンダム ペルフェクティビリティ 機動戦士ガンダムUC(ユニコーン),1,amazon.jp,Amazon,,東京都,141-0031,,"16,273.00","1,627.00",0,0,0,0,0,0,0,"-3,938.00",-975,0,0,"12,987.00"
2020/10/17 17:09:36JST,10730550633,注文,250-0868069-1670206,gf-20191130-03-13200-o-so,MG 1/100 ガンダムベース限定 ユニコーンガンダム ペルフェクティビリティ 機動戦士ガンダムUC(ユニコーン),1,amazon.jp,Amazon,,東京都,141-0031,,"16,273.00","1,627.00",0,0,0,0,0,0,0,0,-975,0,0,"16,925.00"
2020/10/17 17:12:41JST,10730550633,注文,503-7377745-3227001,ap-20190706-14-00300-o-so,INTEL純正 LGA1155/LGA1156 CPUクーラー,1,amazon.jp,Amazon,,岐阜県,507-0038,,"1,709.00",171,186,19,0,0,-19,-186,-19,-164,-421,0,0,"1,276.00"
2020/10/17 23:00:46JST,10730550633,注文,249-4263398-7923844,tz-20200828-02-00600-o-so,LINE Clova Friends Dock(赤外線リモコン) NL-A201JP,1,amazon.jp,Amazon,,静岡県,432-8001,,"1,273.00",127,0,0,0,0,0,0,0,-154,-381,0,0,865
2020/10/17 23:11:33JST,10730550633,注文,249-9963008-5768628,au-20201001-04-02068-o-so,TWINBIRD アイスクラッシャー CI-3546,1,amazon.jp,Amazon,,大阪府,530-0057,,"3,591.00",359,0,0,0,0,0,0,0,-652,-467,0,0,"2,831.00"
2020/10/17 23:19:37JST,10730550633,注文,503-6584638-3102269,wm-20200614-05-01500-o-so,PlayStation 2 (SCPH-30000),1,amazon.jp,Amazon,,神奈川県,251-0024,,"3,545.00",355,0,0,0,0,0,0,0,-343,-467,0,0,"3,090.00"
2020/10/17 23:21:36JST,10730550633,注文,249-0477601-6621427,te-20200926-17-00500-o-so,エレコム カメラバッグ ボディバッグ offtoco ショルダーバッグ 斜めがけ [ 参考収容寸法(カメラ収納部):90×65×190m,1,amazon.jp,Amazon,,東京都,130-0021,,"1,800.00",180,0,0,0,0,0,0,0,-218,-421,0,0,"1,341.00"
2020/10/18 00:57:28JST,10730550633,注文,249-8666655-3979855,si-20200904-48-00780-o-so,Digio2 無線 5ボタン Blue LED マウス オートスピードコントロール レッド 48327,1,amazon.jp,Amazon,,愛知県,491-0044,,"1,618.00",162,0,0,0,0,0,0,0,-196,-421,0,0,"1,163.00"
2020/10/18 02:27:59JST,10730550633,注文,503-6920619-6090259,wm-20200614-05-01500-o-so,PlayStation 2 (SCPH-30000),1,amazon.jp,Amazon,,茨城県,302-0005,,"3,545.00",355,0,0,0,0,0,0,0,-343,-467,0,0,"3,090.00"
2020/10/18 02:32:26JST,10730550633,注文,503-3309578-1337457,tz-20200828-02-00600-o-so,LINE Clova Friends Dock(赤外線リモコン) NL-A201JP,1,amazon.jp,Amazon,,東京都,158-0098,,"1,273.00",127,0,0,0,0,0,0,0,-154,-381,0,0,865
2020/10/18 03:17:18JST,10730550633,注文,250-0903475-9433436,ps-20200627-11-14000-o-so,Windowsスマホ HP Elite x3,1,amazon.jp,Amazon,,愛知県,468-0011,,"18,000.00","1,800.00",0,0,0,0,0,0,0,"-1,742.00",-421,0,0,"17,637.00"
2020/10/18 03:40:04JST,10730550633,返金,250-4921351-5300667,wm-20200926-15-14663-o-so,PlayStation 4 ジェット・ブラック 500GB (CUH-2200AB01),1,amazon.jp,Amazon,,愛知県,441-8108,,"-24,982.00","-2,498.00",0,0,0,0,0,0,0,"2,176.00",0,0,0,"-25,304.00"
2020/10/18 05:45:17JST,10730550633,注文,249-3007843-2830228,gf-20200904-38-00770-o-so,ガンダムベース限定 SDガンダム BB戦士 三国創傑伝 孫権ガンダムアストレイ 機動戦士ガンダムSEED VSASTRAY,1,amazon.jp,Amazon,,滋賀県,527-0073,,"1,455.00",145,0,0,0,0,0,0,0,-176,-421,0,0,"1,003.00"
2020/10/18 06:16:27JST,10730550633,注文,250-8196343-7767027,wm-20200614-05-01500-o-so,PlayStation 2 (SCPH-30000),1,amazon.jp,Amazon,,大阪府,590-0837,,"3,545.00",355,0,0,0,0,0,0,0,-343,-467,0,0,"3,090.00"
2020/10/18 06:21:54JST,10730550633,注文,503-8081912-3282268,wm-20200721-18-00330-o-so,NINTENDO GAMECUBE オレンジ【メーカー生産終了】,1,amazon.jp,Amazon,,愛知県,454-0976,,"2,709.00",271,0,0,0,0,0,0,0,-262,-467,0,0,"2,251.00"
2020/10/18 06:22:06JST,10730550633,注文,503-0903222-8747001,wm-20200809-14-01060-o-so,スーパーファミコン本体　コントローラー・アダプタ・ケーブル セット,1,amazon.jp,Amazon,,愛知県,454-0976,,"2,964.00",296,0,0,0,0,0,0,0,-287,-467,0,0,"2,506.00"
2020/10/18 06:31:01JST,10730550633,注文,503-8615696-0841458,tm-20191226-02-00500-o-so,Intel純正 CPUクーラー LGA1151,1,amazon.jp,Amazon,,新潟県,955-0072,,"1,718.00",172,0,0,0,0,0,0,0,-664,-421,0,0,805
2020/10/18 06:31:01JST,10730550633,注文,503-8615696-0841458,tm-20191226-02-00500-o-so,Intel純正 CPUクーラー LGA1151,1,amazon.jp,Amazon,,新潟県,955-0072,,"1,718.00",172,0,0,0,0,0,0,0,0,-421,0,0,"1,469.00"
2020/10/18 06:31:01JST,10730550633,注文,503-8615696-0841458,tm-20191226-02-00500-o-so,Intel純正 CPUクーラー LGA1151,1,amazon.jp,Amazon,,新潟県,955-0072,,"1,718.00",172,0,0,0,0,0,0,0,0,-421,0,0,"1,469.00"
2020/10/18 06:31:01JST,10730550633,注文,503-8615696-0841458,tm-20191226-02-00500-o-so,Intel純正 CPUクーラー LGA1151,1,amazon.jp,Amazon,,新潟県,955-0072,,"1,718.00",172,0,0,0,0,0,0,0,0,-421,0,0,"1,469.00"
2020/10/18 06:32:00JST,10730550633,注文,503-2782520-8862249,au-20201001-15-01200-o-so,一番くじ 鬼滅の刃 弐 B賞 竈門炭治郎 フィギュア,1,amazon.jp,Amazon,,奈良県,634-0072,,"2,436.00",244,0,0,0,0,0,0,0,-295,-797,0,300,"1,918.00"
2020/10/18 07:33:37JST,10730550633,返金,503-8749336-2662220,ap-20200516-16-00300-o-so,SONY RC-S320 非接触ICカードリーダ/ライタ PaSoRi 「パソリ」,1,amazon.jp,Amazon,,東京都,101-0051,,-627,-63,0,0,0,0,0,0,0,54,0,0,0,-636
2020/10/18 11:03:28JST,10730550633,FBA 在庫関連の手数料,EJwV2Gb9y0,,FBA在庫の廃棄手数料,,Amazon.co.jp,,,,,,0,0,0,0,0,0,0,0,0,0,0,0,-60,-60
2020/10/18 11:37:13JST,10730550633,注文,250-9412502-0491821,tz-20200926-21-00286-o-so,仮面ライダーブットバソウル オフィシャルバインダー,1,amazon.jp,Amazon,,長野県,399-2561,,891,89,0,0,0,0,0,0,0,-108,-421,0,0,451
2020/10/18 13:48:07JST,10730550633,注文,503-9603130-7081469,wm-20200614-05-01500-o-so,PlayStation 2 (SCPH-30000),1,amazon.jp,Amazon,,静岡県,433-8124,,"3,545.00",355,0,0,0,0,0,0,0,-343,-467,0,0,"3,090.00"
2020/10/18 13:55:57JST,10730550633,注文,250-1273011-8282268,wm-20200614-05-01500-o-so,PlayStation 2 (SCPH-30000),1,amazon.jp,Amazon,,千葉県,260-0852,,"3,545.00",355,0,0,0,0,0,0,0,-343,-467,0,0,"3,090.00"
2020/10/18 21:34:27JST,10730550633,注文,250-0085323-1144648,tz-20200828-04-00800-o-so,スーパーミニプラ 勇者王ガオガイガー5 (3個入) 食玩・ガム (勇者王ガオガイガー),1,amazon.jp,Amazon,,兵庫県,651-0079,,"2,255.00",225,0,0,0,0,0,0,0,-546,-421,0,0,"1,513.00"
2020/10/18 21:34:27JST,10730550633,注文,250-0085323-1144648,tz-20200828-04-00800-o-so,スーパーミニプラ 勇者王ガオガイガー5 (3個入) 食玩・ガム (勇者王ガオガイガー),1,amazon.jp,Amazon,,兵庫県,651-0079,,"2,255.00",225,0,0,0,0,0,0,0,0,-421,0,0,"2,059.00"
2020/10/18 21:44:00JST,10730550633,返金,249-8666655-3979855,si-20200904-48-00780-o-so,Digio2 無線 5ボタン Blue LED マウス オートスピードコントロール レッド 48327,1,amazon.jp,Amazon,,愛知県,491-0044,,"-1,618.00",-162,0,0,0,0,0,0,0,176,0,0,0,"-1,604.00"
2020/10/18 22:05:11JST,10730550633,注文,249-5807602-3775052,tm-20191226-02-00500-o-so,Intel純正 CPUクーラー LGA1151,1,amazon.jp,Amazon,,東京都,143-0016,,"1,718.00",172,0,0,0,0,0,0,0,-166,-421,0,0,"1,303.00"
2020/10/18 22:55:22JST,10730550633,注文,503-1656008-9329402,tm-20191226-02-00500-o-so,Intel純正 CPUクーラー LGA1151,1,amazon.jp,Amazon,,東京都,158-0096,,"1,718.00",172,186,19,0,0,0,-186,-19,-166,-421,0,0,"1,303.00"
2020/10/18 23:14:31JST,10730550633,注文,249-6359496-1094242,te-20200904-03-00300-o-so,Digio2 有線マウス 3ボタン Blue LED 2Wayコネクタ(USB、microUSB) 巻取収納 ゴールド MUS-UKT122GL,1,amazon.jp,Amazon,,神奈川県,220-0011,,"1,582.00",158,0,0,0,0,0,0,0,-191,-421,0,0,"1,128.00"
2020/10/18 23:30:05JST,10730550633,注文,503-0422420-3719850,oc-20200614-07-01000-o-so,トランスフォーマー SS-24 ボーンクラッシャー,1,amazon.jp,Amazon,,東京都,165-0026,,"1,882.00",188,0,0,322,32,0,0,0,-228,-775,0,0,"1,421.00"
2020/10/19 00:43:11JST,10730550633,注文,503-9778413-3256667,tz-20200828-02-00600-o-so,LINE Clova Friends Dock(赤外線リモコン) NL-A201JP,1,amazon.jp,Amazon,,埼玉県,365-0033,,"1,273.00",127,0,0,0,0,0,0,0,-154,-381,0,0,865
2020/10/19 04:18:18JST,10730550633,注文,503-9005915-5527861,au-20201001-16-00500-o-so,Q posket-hide-vol.6 A(プライズ),1,amazon.jp,Amazon,,栃木県,329-4423,,"1,800.00",180,124,12,0,0,0,-124,-12,-218,-421,0,0,"1,341.00"
2020/10/19 05:19:59JST,10730550633,注文,503-6578470-7303003,tz-20200828-02-00600-o-so,LINE Clova Friends Dock(赤外線リモコン) NL-A201JP,1,amazon.jp,Amazon,,広島県,739-1201,,"1,273.00",127,186,19,0,0,0,-186,-19,-154,-381,0,0,865
2020/10/19 09:44:29JST,10730550633,注文,250-6265119-2206248,au-20201001-03-09680-o-so,食戟のソーマ 薙切えりな ノンスケール ABS&PVC製 塗装済み完成品フィギュア,1,amazon.jp,Amazon,,東京都,143-0024,,"10,455.00","1,045.00",0,0,0,0,0,0,0,"-1,265.00",-421,0,0,"9,814.00"
2020/10/19 12:33:53JST,10740428243,注文,250-8721916-8775808,tz-20200828-02-00600-o-so,LINE Clova Friends Dock(赤外線リモコン) NL-A201JP,1,amazon.jp,Amazon,,千葉県,285-0863,,"1,273.00",127,0,0,0,0,0,0,0,-154,-381,0,0,865
2020/10/19 13:58:31JST,10740428243,注文,249-7621243-7124624,tm-20200904-45-02178-o-so,AMD Wraith Prism RGB CPUクーラー AM4 4ピンコネクター 銅ベース/アルミヒートシンク,1,amazon.jp,Amazon,,東京都,183-0046,,"5,431.00",543,62,6,0,0,0,-62,-6,-526,-421,0,0,"5,027.00"
2020/10/19 14:03:06JST,10740428243,注文,249-7744948-0867832,au-20201001-15-01200-o-so,一番くじ 鬼滅の刃 弐 B賞 竈門炭治郎 フィギュア,1,amazon.jp,Amazon,,東京都,182-0016,,"2,436.00",244,0,0,0,0,0,0,0,-295,-467,0,0,"1,918.00"
2020/10/19 14:11:31JST,10740428243,注文,249-2421088-2251835,au-20201001-01-02980-o-so,フレームアームズ・ガール レティシア 全高150mm NONスケール プラモデル,1,amazon.jp,Amazon,,埼玉県,366-0801,,"3,891.00",389,0,0,0,0,0,0,0,-471,-476,0,50,"3,388.00"
2020/10/19 14:48:18JST,10740428243,注文,249-2646606-1438209,us-20200801-09-00150-o-so,brother 廃トナーボックス WT-223CL,1,amazon.jp,Amazon,,山梨県,408-0018,,"2,164.00",216,0,0,0,0,0,0,0,-209,-467,0,0,"1,704.00"
2020/10/19 15:03:36JST,10740428243,注文,503-0954734-4119857,wm-20200501-02-01500-o-so,PlayStation 2 セラミック・ホワイト (SCPH-50000CW) 【メーカー生産終了】,1,amazon.jp,Amazon,,岩手県,028-0664,,"4,335.00",434,0,0,0,0,0,0,0,-420,-467,0,0,"3,882.00"
2020/10/19 15:52:56JST,10740428243,注文,503-2920524-2422203,wm-20200501-01-01500-o-so,PlayStation 2 ミッドナイト・ブラック SCPH-50000NB【メーカー生産終了】,1,amazon.jp,Amazon,,神奈川県,216-0006,,"5,164.00",516,373,37,0,0,0,-373,-37,-499,-797,0,300,"4,714.00"
2020/10/19 16:00:40JST,10740428243,注文,249-8900426-3711812,au-20201001-01-02980-o-so,フレームアームズ・ガール レティシア 全高150mm NONスケール プラモデル,1,amazon.jp,Amazon,,宮城県,989-3212,,"3,891.00",389,0,0,0,0,0,0,0,-471,-421,0,0,"3,388.00"
2020/10/19 16:05:00JST,10740428243,注文,503-8360659-2098235,wm-20200501-04-01500-o-so,PlayStation 2 オーシャン・ブルー【メーカー生産終了】,1,amazon.jp,Amazon,,北海道,062-0904,,"3,982.00",398,0,0,0,0,0,0,0,-385,-467,0,0,"3,528.00"
2020/10/19 18:28:53JST,10740428243,注文,249-3083200-2383828,ps-20200201-18-00300-o-so,【アウトレット】 スタイラス デジタイザー タッチペン　N-trig [LS04-A09],1,amazon.jp,Amazon,,群馬県,370-0613,,"1,045.00",105,0,0,0,0,0,0,0,-127,-282,0,0,741
2020/10/19 18:36:25JST,10740428243,注文,250-5960969-4517431,tm-20200904-45-02178-o-so,AMD Wraith Prism RGB CPUクーラー AM4 4ピンコネクター 銅ベース/アルミヒートシンク,1,amazon.jp,Amazon,,北海道,098-1207,,"5,431.00",543,0,0,0,0,0,0,0,-526,-421,0,0,"5,027.00"
2020/10/19 19:08:56JST,10740428243,返金,503-7418321-8093458,tm-20191226-02-00500-o-so,Intel純正 CPUクーラー LGA1151,1,amazon.jp,Amazon,,広島県,730-0856,,"-1,718.00",-172,0,0,0,0,0,0,0,149,0,0,0,"-1,741.00"
2020/10/20 01:06:45JST,10740428243,注文,250-6009219-6999054,oc-20200828-16-00176-o-so,妖怪ウォッチ 妖怪メダルトレジャー04 巨石文明の二つの奇跡(BOX),1,amazon.jp,Amazon,,千葉県,283-0102,,909,91,0,0,0,0,0,0,0,-110,-421,0,0,469
2020/10/20 01:15:34JST,10740428243,注文,249-5168625-5826267,ps-20200627-11-14000-o-so,Windowsスマホ HP Elite x3,1,amazon.jp,Amazon,,京都府,607-8081,,"18,000.00","1,800.00",0,0,0,0,0,0,0,"-1,742.00",-421,0,0,"17,637.00"
2020/10/20 06:24:53JST,10740428243,注文,250-2319585-2449463,oc-20200614-07-01000-o-so,トランスフォーマー SS-24 ボーンクラッシャー,1,amazon.jp,Amazon,,宮城県,982-0804,,"1,882.00",188,0,0,0,0,0,0,0,-228,-421,0,0,"1,421.00"
2020/10/20 06:36:50JST,10740428243,注文,250-5722842-5875829,rs-20200904-29-02640-o-so,ねんどろいど ゾンビランドサガ 源さくら ノンスケール ABS&PVC製 塗装済み可動フィギュア,1,amazon.jp,Amazon,,福岡県,811-4177,,"3,618.00",362,409,41,0,0,0,-409,-41,-438,-421,0,0,"3,121.00"
2020/10/20 06:37:31JST,10740428243,注文,250-9089172-8710254,rs-20200904-29-02640-o-so,ねんどろいど ゾンビランドサガ 源さくら ノンスケール ABS&PVC製 塗装済み可動フィギュア,1,amazon.jp,Amazon,,三重県,510-8026,,"3,618.00",362,0,0,0,0,0,0,0,-438,-421,0,0,"3,121.00"
2020/10/20 06:46:10JST,10740428243,注文,249-4386867-1330257,au-20201001-01-02980-o-so,フレームアームズ・ガール レティシア 全高150mm NONスケール プラモデル,1,amazon.jp,Amazon,,東京都,201-0012,,"3,891.00",389,0,0,0,0,0,0,0,-471,-421,0,0,"3,388.00"
2020/10/20 06:53:39JST,10740428243,注文,250-7517711-5042207,wm-20200721-18-00330-o-so,NINTENDO GAMECUBE オレンジ【メーカー生産終了】,1,amazon.jp,Amazon,,滋賀県,520-2276,,"2,709.00",271,464,46,0,0,0,0,0,-262,"-1,307.00",0,300,"2,251.00"
2020/10/20 09:35:25JST,10740428243,注文,249-2459422-2419859,at-20201113-14-00090-o-so,ELECOM PS Vita カードケース 4枚収納 【PlayStation オフィシャルライセンス】 ブラック GM-VITACM1BK,1,amazon.jp,出品者,,三重県,510-0891,,618,62,0,0,0,0,0,0,0,-112,0,0,0,568
2020/10/20 10:17:46JST,10740428243,注文,503-1607016-7469433,ps-20200201-18-00300-o-so,【アウトレット】 スタイラス デジタイザー タッチペン　N-trig [LS04-A09],1,amazon.jp,Amazon,,青森県,038-0011,,"1,045.00",105,0,0,0,0,0,0,0,-127,-282,0,0,741
2020/10/20 12:18:28JST,10740428243,振込み,,,次が末尾の口座へ： 4078,,,,,,,,0,0,0,0,0,0,0,0,0,0,0,0,"-412,925.00","-412,925.00"
2020/10/20 12:36:00JST,10740428243,注文,250-1257946-1579818,wm-20200501-01-01500-o-so,PlayStation 2 ミッドナイト・ブラック SCPH-50000NB【メーカー生産終了】,1,amazon.jp,Amazon,,千葉県,286-0035,,"5,164.00",516,0,0,0,0,0,0,0,-499,-467,0,0,"4,714.00"
2020/10/20 14:39:22JST,10740428243,注文,250-4515146-1151037,tm-20200904-45-02178-o-so,AMD Wraith Prism RGB CPUクーラー AM4 4ピンコネクター 銅ベース/アルミヒートシンク,1,amazon.jp,Amazon,,群馬県,372-0031,,"5,431.00",543,373,37,0,0,0,-373,-37,-526,-421,0,0,"5,027.00"
2020/10/20 15:07:35JST,10740428243,注文,503-7379345-7346230,au-20201001-09-04980-o-so,SSSS.GRIDMAN 超合体超人 DXフルパワーグリッドマン ノンスケール ABS&PVC製 塗装済み合体トイ 二次受注分,1,amazon.jp,Amazon,,愛媛県,790-0911,,"8,364.00",836,0,0,0,0,0,0,0,"-1,012.00",-548,0,0,"7,640.00"
2020/10/20 15:56:11JST,10740428243,注文,249-0295897-5277461,au-20201001-01-02980-o-so,フレームアームズ・ガール レティシア 全高150mm NONスケール プラモデル,1,amazon.jp,Amazon,,宮城県,986-2135,,"3,891.00",389,0,0,0,0,0,0,0,-471,-421,0,0,"3,388.00"
2020/10/20 16:01:02JST,10740428243,注文,503-7910253-7976650,wm-20200721-06-01760-o-so,NINTENDO GAMECUBE本体 バイオレット,1,amazon.jp,Amazon,,北海道,080-0056,,"2,709.00",271,0,0,0,0,0,0,0,-262,-421,0,0,"2,297.00"
2020/10/20 17:17:00JST,10740428243,注文,249-3824145-8715844,rs-20200828-11-01800-o-so,ねんどろいど ラブライブ！ 東條希 ノンスケール ABS&PVC製 塗装済み可動フィギュア,1,amazon.jp,Amazon,,埼玉県,359-1131,,"2,608.00",261,373,37,322,32,0,-373,-37,-316,-775,0,0,"2,132.00"
2020/10/20 17:40:21JST,10740428243,注文,250-0683018-5323065,ps-20200201-18-00300-o-so,【アウトレット】 スタイラス デジタイザー タッチペン　N-trig [LS04-A09],1,amazon.jp,Amazon,,鹿児島県,895-1502,,"1,045.00",105,0,0,0,0,0,0,0,-127,-282,0,0,741
2020/10/20 17:42:41JST,10740428243,注文,503-5771911-2889444,wm-20200614-06-01500-o-so,PlayStation 2 AQUA 【メーカー生産終了】,1,amazon.jp,Amazon,,愛知県,489-0924,,"4,309.00",431,0,0,0,0,0,0,0,-417,-548,0,0,"3,775.00"
2020/10/20 21:58:48JST,10740428243,注文,249-2908388-4320668,wm-20200425-02-01100-o-sow,Wii U プレミアムセット shiro (WUP-S-WAFC),1,amazon.jp,Amazon,,東京都,125-0062,,"3,891.00",389,0,0,0,0,0,0,0,-376,-467,0,0,"3,437.00"
2020/10/20 23:39:34JST,10740428243,注文,249-3471731-6568663,tm-20191226-02-00500-o-so,Intel i3/i5/i7 LGA115x CPU用ヒートシンク+ファン E97379-003,1,amazon.jp,Amazon,,東京都,198-0036,,"1,718.00",172,0,0,0,0,0,0,0,-166,-421,0,0,"1,303.00"
2020/10/21 02:19:58JST,10740428243,注文,503-2324347-3807814,wm-20200425-02-01100-o-sow,Wii U プレミアムセット shiro (WUP-S-WAFC),1,amazon.jp,Amazon,,愛知県,463-0079,,"3,891.00",389,464,46,0,0,0,0,0,-376,"-1,307.00",0,300,"3,437.00"
2020/10/21 11:41:45JST,10740428243,注文,249-1555630-0456623,te-20200904-03-00300-o-so,Digio2 有線マウス 3ボタン Blue LED 2Wayコネクタ(USB、microUSB) 巻取収納 ゴールド MUS-UKT122GL,1,amazon.jp,Amazon,,東京都,182-0026,,"1,582.00",158,0,0,0,0,0,0,0,-191,-421,0,0,"1,128.00"
2020/10/21 12:00:23JST,10740428243,注文,250-9806524-1683815,wm-20200809-14-01060-o-so,スーパーファミコン本体　コントローラー・アダプタ・ケーブル セット,1,amazon.jp,Amazon,,神奈川県,252-0314,,"2,964.00",296,373,37,0,0,0,-373,-37,-287,-467,0,0,"2,506.00"
2020/10/21 13:00:17JST,10740428243,注文,249-5493501-8167034,rs-20200904-32-02640-o-so,ねんどろいど アベンジャーズ/エンドゲーム ソー エンドゲームVer. ノンスケール ABS&PVC製 塗装済み可動フィギュ,1,amazon.jp,Amazon,,愛知県,446-0001,,"3,855.00",385,0,0,0,0,0,0,0,-466,-421,0,0,"3,353.00"
2020/10/21 13:57:01JST,10740428243,注文,249-5087781-4853424,gf-20191130-03-13200-o-so,MG 1/100 ガンダムベース限定 ユニコーンガンダム ペルフェクティビリティ 機動戦士ガンダムUC(ユニコーン),1,amazon.jp,Amazon,,岡山県,700-0803,,"16,273.00","1,627.00",0,0,0,0,0,0,0,"-1,969.00",-975,0,0,"14,956.00"
2020/10/21 14:07:10JST,10740428243,注文,250-3636299-7066203,gf-20200809-02-00330-o-so,1/2400 ホワイトベース (機動戦士ガンダム),1,amazon.jp,Amazon,,千葉県,277-0872,,727,73,124,12,0,0,0,-124,-12,-88,-421,0,0,291
2020/10/21 15:18:49JST,10740428243,注文,250-1118779-9010212,ic-20200620-31-00800-o-so,hp USB日本語キーボード KU-1156 ブラック,5,amazon.jp,Amazon,,埼玉県,330-0856,,"13,545.00","1,355.00",375,35,0,0,-5,-375,-35,"-1,309.00","-3,560.00",0,0,"10,026.00"
2020/10/21 17:31:27JST,10740428243,注文,249-1689536-4809404,ic-20200620-31-00800-o-so,hp USB日本語キーボード KU-1156 ブラック,1,amazon.jp,Amazon,,東京都,140-0004,,"2,709.00",271,0,0,0,0,-1,0,0,-262,-712,0,0,"2,005.00"
2020/10/21 17:33:31JST,10740428243,注文,503-4393188-1242241,tm-20191226-02-00500-o-so,Intel i3/i5/i7 LGA115x CPU用ヒートシンク+ファン E97379-003,1,amazon.jp,Amazon,,神奈川県,250-0113,,"1,718.00",172,464,46,0,0,0,0,0,-166,-931,0,0,"1,303.00"
2020/10/21 17:34:41JST,10740428243,注文,503-0330388-0887820,wm-20200809-14-01060-o-so,スーパーファミコン本体　コントローラー・アダプタ・ケーブル セット,1,amazon.jp,Amazon,,愛知県,454-0976,,"2,945.00",295,0,0,0,0,0,0,0,-285,-467,0,0,"2,488.00"
2020/10/21 20:22:32JST,10740428243,注文,249-8690089-7835867,ap-20200516-16-00300-o-so,SONY RC-S320 非接触ICカードリーダ/ライタ PaSoRi 「パソリ」,1,amazon.jp,Amazon,,埼玉県,331-0047,,618,62,0,0,0,0,0,0,0,-59,-381,0,0,240
2020/10/22 00:31:25JST,10740428243,注文,250-3652743-8394213,tm-20200904-05-00638-o-so,エレコム 自撮り棒 セルカ棒 Bluetooth リモコン付 ブラック P-SSBBK,1,amazon.jp,Amazon,,千葉県,266-0033,,"1,536.00",154,0,0,0,0,0,0,0,-149,-421,0,0,"1,120.00"
2020/10/22 03:36:09JST,10740428243,注文,249-5454186-8586224,oc-20200828-16-00176-o-so,妖怪ウォッチ 妖怪メダルトレジャー04 巨石文明の二つの奇跡(BOX),1,amazon.jp,Amazon,,新潟県,945-0823,,909,91,0,0,0,0,0,0,0,-220,-421,0,0,359
2020/10/22 03:36:09JST,10740428243,注文,249-5454186-8586224,oc-20200828-16-00176-o-so,妖怪ウォッチ 妖怪メダルトレジャー04 巨石文明の二つの奇跡(BOX),1,amazon.jp,Amazon,,新潟県,945-0823,,909,91,0,0,0,0,0,0,0,0,-421,0,0,579
2020/10/22 03:49:11JST,10740428243,注文,503-3480182-4052609,gf-20190927-50-03740-o-so,HG 1/144 ガンダムベース限定 ユニコーンガンダム ペルフェクティビリティ(デストロイモード) 機動戦士ガンダムU,1,amazon.jp,Amazon,,福島県,961-0885,,"4,982.00",498,0,0,0,0,0,0,0,-603,-797,0,300,"4,410.00"
2020/10/22 04:25:15JST,10740428243,注文,250-4253865-9289410,gf-20190927-50-03740-o-so,HG 1/144 ガンダムベース限定 ユニコーンガンダム ペルフェクティビリティ(デストロイモード) 機動戦士ガンダムU,1,amazon.jp,Amazon,,滋賀県,526-0064,,"4,982.00",498,0,0,322,32,0,0,0,-603,-821,0,0,"4,410.00"
2020/10/22 06:19:49JST,10740428243,注文,250-0000993-2351032,au-20201001-01-02980-o-so,フレームアームズ・ガール レティシア 全高150mm NONスケール プラモデル,1,amazon.jp,Amazon,,静岡県,432-8062,,"3,891.00",389,0,0,0,0,0,0,0,-942,-421,0,0,"2,917.00"
2020/10/22 06:19:49JST,10740428243,注文,250-0000993-2351032,au-20201001-01-02980-o-so,フレームアームズ・ガール レティシア 全高150mm NONスケール プラモデル,1,amazon.jp,Amazon,,静岡県,432-8062,,"3,891.00",389,0,0,0,0,0,0,0,0,-421,0,0,"3,859.00"
2020/10/22 06:23:49JST,10740428243,注文,249-1543943-9001414,wm-20200501-01-01500-o-so,PlayStation 2 ミッドナイト・ブラック SCPH-50000NB【メーカー生産終了】,1,amazon.jp,Amazon,,奈良県,631-0805,,"5,164.00",516,373,37,0,0,0,-373,-37,-499,-467,0,0,"4,714.00"
2020/10/22 06:32:22JST,10740428243,注文,503-2552136-3179838,wm-20200721-06-01760-o-so,NINTENDO GAMECUBE本体 バイオレット,1,amazon.jp,Amazon,,埼玉県,354-0018,,"2,709.00",271,0,0,0,0,0,0,0,-262,-421,0,0,"2,297.00"
2020/10/22 06:34:20JST,10740428243,注文,503-2874702-5335851,tm-20191226-02-00500-o-so,Intel純正 CPUクーラー LGA1151,1,amazon.jp,Amazon,,大阪府,575-0002,,"1,718.00",172,0,0,0,0,0,0,0,-166,-421,0,0,"1,303.00"
2020/10/22 08:41:37JST,10740428243,注文,249-7773922-8719047,tm-20191226-02-00500-o-so,Intel i3/i5/i7 LGA115x CPU用ヒートシンク+ファン E97379-003,1,amazon.jp,Amazon,,鹿児島県,899-3101,,"1,718.00",172,409,41,0,0,0,-409,-41,-166,-421,0,0,"1,303.00"
2020/10/22 12:23:19JST,10740428243,注文,250-5228545-7111032,wm-20200721-21-04800-o-so,【国内正規品】密閉型 ゲーミングヘッドセット SteelSeries Siberia 650 white 51192,1,amazon.jp,Amazon,,愛知県,444-3623,,"19,818.00","1,982.00",0,0,0,0,0,0,0,"-2,398.00",-467,0,0,"18,935.00"
2020/10/22 13:54:59JST,10740428243,注文,249-0158308-6783813,wm-20200425-02-01100-o-sow,Wii U プレミアムセット shiro (WUP-S-WAFC),1,amazon.jp,Amazon,,広島県,730-0824,,"3,891.00",389,0,0,0,0,0,0,0,-376,-467,0,0,"3,437.00"
2020/10/22 16:01:33JST,10740428243,FBA 在庫関連の手数料,,,納品不備受領作業手数料 - 商品ラベルがありません,,Amazon.co.jp,,,,,,0,0,0,0,0,0,0,0,0,0,0,0,-102,-102
2020/10/22 17:13:57JST,10740428243,注文,250-9508318-5767002,wm-20200721-16-00330-o-so,ゲームボーイプレーヤー オレンジ,1,amazon.jp,Amazon,,東京都,175-0094,,"2,255.00",225,0,0,0,0,0,0,0,-409,-421,0,0,"1,650.00"
2020/10/22 17:16:19JST,10740428243,注文,250-1613092-8996633,wm-20200614-05-01500-o-so,PlayStation 2 (SCPH-30000),1,amazon.jp,Amazon,,兵庫県,651-2243,,"3,545.00",355,0,0,0,0,0,0,0,-343,-467,0,0,"3,090.00"
2020/10/22 17:25:05JST,10740428243,注文,249-9063074-2801420,gf-20200809-01-07700-o-so,RG ペルフェクティビリティ 1/144 ユニコーンガンダム リアルグレード ガンダムベース限定UCガンプラ,1,amazon.jp,Amazon,,東京都,116-0013,,"9,900.00",990,0,0,322,32,0,0,0,"-1,198.00",-821,0,0,"9,225.00"
2020/10/22 17:43:22JST,10740428243,注文,250-5326884-2081447,ic-20200620-31-00800-o-so,hp USB日本語キーボード KU-1156 ブラック,1,amazon.jp,Amazon,,東京都,164-0002,,"2,709.00",271,0,0,0,0,-1,0,0,-262,-712,0,0,"2,005.00"
2020/10/22 17:45:20JST,10740428243,注文,250-0240983-5027829,ic-20200620-31-00800-o-so,hp USB日本語キーボード KU-1156 ブラック,1,amazon.jp,Amazon,,静岡県,412-0046,,"2,709.00",271,0,0,0,0,-1,0,0,-262,-712,0,0,"2,005.00"
2020/10/22 18:28:37JST,10740428243,注文,503-4331036-0651024,tz-20200828-08-00140-o-so,ディズニー ドアラブル ルームドアセット アリス ティーカップドア,1,amazon.jp,Amazon,,Hyogo-ken,658-0064,,696,70,0,0,0,0,0,0,0,-85,-421,0,0,260
2020/10/23 00:19:25JST,10740428243,注文,250-7387316-3954265,si-20200904-48-00780-o-so,Digio2 無線 5ボタン Blue LED マウス オートスピードコントロール レッド 48327,1,amazon.jp,Amazon,,東京都,142-0062,,"1,618.00",162,0,0,0,0,0,0,0,-196,-421,0,0,"1,163.00"
2020/10/23 00:56:20JST,10740428243,注文,249-2135589-7957451,rs-20200926-12-00515-o-so,魔法少女まどか☆マギカ プロダクションノート （PUELLA MAGI MADOKA MAGICA PRODUCTION NOTE）,1,amazon.jp,Amazon,,愛知県,495-0012,,"2,855.00",285,0,0,0,0,0,0,0,-606,-421,0,0,"2,113.00"
2020/10/23 02:30:42JST,10740428243,注文,503-6294877-2728665,au-20201001-03-09680-o-so,食戟のソーマ 薙切えりな ノンスケール ABS&PVC製 塗装済み完成品フィギュア,1,amazon.jp,Amazon,,東京都,143-0011,,"10,455.00","1,045.00",0,0,0,0,0,0,0,"-1,265.00",-421,0,0,"9,814.00"
2020/10/23 03:33:57JST,10740428243,注文,249-0059921-7687802,wm-20200501-01-01500-o-so,PlayStation 2 ミッドナイト・ブラック SCPH-50000NB【メーカー生産終了】,1,amazon.jp,Amazon,,山口県,742-0033,,"5,164.00",516,373,37,0,0,0,-373,-37,-499,-467,0,0,"4,714.00"
2020/10/23 12:03:50JST,10740428243,注文,250-6049606-3954232,wm-20200614-05-01500-o-so,PlayStation 2 (SCPH-30000),1,amazon.jp,Amazon,,岐阜県,501-6022,,"3,545.00",355,373,37,0,0,0,-373,-37,-343,-797,0,300,"3,090.00"
2020/10/23 12:05:35JST,10740428243,注文,250-2095106-7478228,wm-20200501-03-01500-o-so,PlayStation 2 サテンシルバー SCPH-50000 TSS 【メーカー生産終了】,1,amazon.jp,Amazon,,新潟県,959-1705,,"3,582.00",358,0,0,0,0,0,0,0,-347,-548,0,0,"3,045.00"
2020/10/23 14:25:17JST,10740428243,注文,250-1953993-5791868,ic-20200620-31-00800-o-so,hp USB日本語キーボード KU-1156 ブラック,1,amazon.jp,Amazon,,広島県,720-0831,,"2,709.00",271,373,37,0,0,-1,-373,-37,-262,-712,0,0,"2,005.00"
2020/10/23 16:46:41JST,10740428243,注文,249-3146004-8041448,tm-20191226-02-00500-o-so,Intel i3/i5/i7 LGA115x CPU用ヒートシンク+ファン E97379-003,1,amazon.jp,Amazon,,大阪府,546-0022,,"1,718.00",172,0,0,0,0,0,0,0,-166,-421,0,0,"1,303.00"
2020/10/23 17:15:37JST,10740428243,注文,503-8480563-0761404,rs-20200904-33-01936-o-so,モーレツ宇宙海賊 ねんどろいど 加藤茉莉香 (ノンスケール ABS&PVC塗装済み可動フィギュア),1,amazon.jp,Amazon,,愛知県,453-0849,,"2,000.00",200,0,0,0,0,0,0,0,-242,-421,0,0,"1,537.00"
2020/10/23 17:31:23JST,10740428243,注文,503-4697413-6457458,ic-20200620-31-00800-o-so,hp USB日本語キーボード KU-1156 ブラック,1,amazon.jp,Amazon,,山口県,744-0061,,"2,709.00",271,0,0,0,0,-1,0,0,-262,-712,0,0,"2,005.00"
2020/10/23 17:31:32JST,10740428243,注文,250-7027222-5965453,ic-20200620-31-00800-o-so,hp USB日本語キーボード KU-1156 ブラック,1,amazon.jp,Amazon,,埼玉県,330-0856,,"2,709.00",271,373,37,0,0,-1,-373,-37,-262,-712,0,0,"2,005.00"
2020/10/23 17:33:28JST,10740428243,注文,250-8697979-1697457,tm-20191226-02-00500-o-so,Intel i3/i5/i7 LGA115x CPU用ヒートシンク+ファン E97379-003,1,amazon.jp,Amazon,,東京都,190-0004,,"1,718.00",172,0,0,0,0,0,0,0,-166,-421,0,0,"1,303.00"
2020/10/23 22:22:18JST,10740428243,注文,249-8840492-3404614,au-20201001-15-01200-o-so,一番くじ 鬼滅の刃 弐 B賞 竈門炭治郎 フィギュア,1,amazon.jp,Amazon,,大阪府,567-0851,,"2,268.00",227,0,0,0,0,0,0,0,-275,-467,0,0,"1,753.00"
2020/10/23 22:52:37JST,10740428243,注文,249-5231530-3627810,tm-20200904-45-02178-o-so,AMD Wraith Prism RGB CPUクーラー AM4 4ピンコネクター 銅ベース/アルミヒートシンク,1,amazon.jp,Amazon,,三重県,510-8121,,"5,431.00",543,0,0,0,0,0,0,0,-526,-421,0,0,"5,027.00"
2020/10/23 23:25:24JST,10740428243,注文,249-5184817-0943055,tz-20200828-15-00120-o-so,仮面ライダージオウ DXファイズライドウォッチ,1,amazon.jp,Amazon,,大阪府,562-0004,,591,59,0,0,0,0,0,0,0,-72,-421,0,0,157
2020/10/24 00:22:23JST,10740428243,注文,503-1204642-3598263,ic-20200620-31-00800-o-so,hp USB日本語キーボード KU-1156 ブラック,1,amazon.jp,Amazon,,大阪府,531-0064,,"2,709.00",271,0,0,0,0,-1,0,0,-262,-712,0,0,"2,005.00"
2020/10/24 11:06:06JST,10740428243,注文,249-7057570-1698236,wm-20200614-05-01500-o-so,PlayStation 2 (SCPH-30000),1,amazon.jp,Amazon,,愛知県,467-0024,,"3,545.00",355,125,12,0,0,0,-125,-12,-343,-467,0,0,"3,090.00"
2020/10/24 15:05:40JST,10740428243,注文,249-9128317-9674224,wm-20200501-03-01500-o-so,PlayStation 2 サテンシルバー SCPH-50000 TSS 【メーカー生産終了】,1,amazon.jp,Amazon,,福岡県,829-0301,,"3,573.00",357,0,0,0,0,0,0,0,-345,-548,0,0,"3,037.00"
2020/10/24 16:28:12JST,10740428243,注文,503-4979946-0487061,tm-20200904-45-02178-o-so,AMD Wraith Prism RGB CPUクーラー AM4 4ピンコネクター 銅ベース/アルミヒートシンク,1,amazon.jp,Amazon,,鹿児島県,892-0813,,"5,431.00",543,0,0,0,0,0,0,0,-526,-421,0,0,"5,027.00"
2020/10/24 17:01:48JST,10740428243,注文,249-8799705-9432668,us-20200801-09-00150-o-so,brother 廃トナーボックス WT-223CL,1,amazon.jp,Amazon,,埼玉県,330-0803,,"2,164.00",216,0,0,0,0,0,0,0,-209,-467,0,0,"1,704.00"
2020/10/24 17:13:43JST,10740428243,注文,249-6218564-1279011,te-20200926-17-00500-o-so,エレコム カメラバッグ ボディバッグ offtoco ショルダーバッグ 斜めがけ [ 参考収容寸法(カメラ収納部):90×65×190m,1,amazon.jp,Amazon,,東京都,166-0012,,"1,800.00",180,0,0,0,0,0,0,0,-218,-421,0,0,"1,341.00"
2020/10/25 03:37:17JST,10740428243,注文,250-2606383-3963051,tm-20200904-05-00638-o-so,エレコム 自撮り棒 セルカ棒 Bluetooth リモコン付 ブラック P-SSBBK,1,amazon.jp,Amazon,,東京都,157-0073,,"1,536.00",154,0,0,0,0,0,0,0,-149,-421,0,0,"1,120.00"
2020/10/25 04:56:17JST,10740428243,注文,250-3316019-9543020,si-20200904-21-04400-o-so,Jaybird ワイヤレスイヤホン JBD-X4-001BMF ブラックメタリック Bluetooth 防水 防汗 IPX7 連続再生8時間 スポーツ対応 X4 ?,1,amazon.jp,Amazon,,神奈川県,214-0021,,"6,182.00",618,0,0,0,0,0,0,0,-748,-421,0,0,"5,631.00"
2020/10/25 06:23:09JST,10740428243,返金,503-8360659-2098235,wm-20200501-04-01500-o-so,PlayStation 2 オーシャン・ブルー【メーカー生産終了】,1,amazon.jp,Amazon,,北海道,062-0904,,"-3,982.00",-398,0,0,0,0,0,0,0,346,0,0,0,"-4,034.00"
2020/10/25 12:34:13JST,10740428243,注文,250-2459147-5876610,gf-20200926-19-02750-o-so,HG ガンダムベース限定 モビルドールメイ ガンダムベースカラー ガンダムビルドダイバーズRe:RISE プラモデル,1,amazon.jp,Amazon,,愛知県,490-1144,,"4,527.00",453,373,37,0,0,0,-373,-37,-548,-421,0,0,"4,011.00"
2020/10/25 13:53:17JST,10740428243,注文,250-7667196-9465427,at-20201113-14-00090-o-so,ELECOM PS Vita カードケース 4枚収納 【PlayStation オフィシャルライセンス】 ブラック GM-VITACM1BK,1,amazon.jp,出品者,,東京都,206-0023,,618,62,0,0,0,0,0,0,0,-112,0,0,0,568
2020/10/25 14:25:23JST,10740428243,注文,250-0585828-4454212,ic-20200620-31-00800-o-so,hp USB日本語キーボード KU-1156 ブラック,1,amazon.jp,Amazon,,大阪府,577-8550,,"2,709.00",271,373,37,0,0,-1,-373,-37,-262,-712,0,0,"2,005.00"
2020/10/25 15:08:40JST,10740428243,注文,250-6079289-3904632,tm-20191226-02-00500-o-so,Intel i3/i5/i7 LGA115x CPU用ヒートシンク+ファン E97379-003,1,amazon.jp,Amazon,,福岡県,811-2317,,"1,718.00",172,0,0,0,0,0,0,0,-166,-421,0,0,"1,303.00"
2020/10/25 15:30:10JST,10740428243,注文,250-4130378-6847051,si-20200904-21-04400-o-so,Jaybird ワイヤレスイヤホン JBD-X4-001BMF ブラックメタリック Bluetooth 防水 防汗 IPX7 連続再生8時間 スポーツ対応 X4 ?,1,amazon.jp,Amazon,,東京都,125-0062,,"6,182.00",618,0,0,0,0,0,0,0,-748,-421,0,0,"5,631.00"
2020/10/25 15:45:12JST,10740428243,注文,250-5409250-0066219,tz-20200828-02-00600-o-so,LINE Clova Friends Dock(赤外線リモコン) NL-A201JP,1,amazon.jp,Amazon,,神奈川県,245-0013,,"1,273.00",127,42,4,0,0,0,-42,-4,-154,-381,0,0,865
2020/10/25 18:09:53JST,10740428243,注文,503-8171875-2911052,bf-20200809-13-11200-o-so,DRAGON BALL Z DVD BOX DRAGON BOX VOL.1,1,amazon.jp,Amazon,,佐賀県,840-2212,,"14,264.00","1,426.00",0,0,0,0,0,0,0,"-2,743.00",-467,0,0,"12,480.00"
2020/10/26 01:14:30JST,10740428243,注文,503-3898269-3341458,tz-20200828-02-00600-o-so,LINE Clova Friends Dock(赤外線リモコン) NL-A201JP,1,amazon.jp,Amazon,,千葉県,274-0825,,"1,273.00",127,0,0,0,0,0,0,0,-154,-381,0,0,865
2020/10/26 06:17:37JST,10740428243,注文,250-5440277-5741440,rs-20200904-31-02400-o-so,ねんどろいど アベンジャーズ/エンドゲーム キャプテン・アメリカ エンドゲーム・エディション スタンダードV,1,amazon.jp,Amazon,,秋田県,014-0369,,"3,618.00",362,0,0,143,14,0,0,0,-438,-578,0,0,"3,121.00"
2020/10/26 13:07:37JST,10740428243,注文,503-3216456-9159038,rs-20200926-10-07920-o-so,COMPLETE SELECTION MODIFICATION ダブルドライバー(ver.1.5) (CSMダブルドライバー(ver.1.5)) 仮面ライダー ヒーロー ライダー,1,amazon.jp,Amazon,,京都府,616-8167,,"13,273.00","1,327.00",0,0,0,0,0,0,0,"-1,606.00",-467,0,0,"12,527.00"
2020/10/26 13:16:38JST,10740428243,注文,250-5835208-8887032,gf-20190927-50-03740-o-so,HG 1/144 ガンダムベース限定 ユニコーンガンダム ペルフェクティビリティ(デストロイモード) 機動戦士ガンダムU,1,amazon.jp,Amazon,,北海道,047-0036,,"4,982.00",498,0,0,0,0,0,0,0,-603,-467,0,0,"4,410.00"
2020/10/26 14:00:20JST,10740428243,注文,503-8780873-7300652,tm-20200904-45-02178-o-so,AMD Wraith Prism RGB CPUクーラー AM4 4ピンコネクター 銅ベース/アルミヒートシンク,1,amazon.jp,Amazon,,千葉県,279-0004,,"5,431.00",543,186,19,0,0,0,-186,-19,-526,-421,0,0,"5,027.00"
2020/10/26 15:29:06JST,10740428243,注文,503-1459735-7475815,tz-20200926-21-00286-o-so,仮面ライダーブットバソウル オフィシャルバインダー,1,amazon.jp,Amazon,,千葉県,277-0871,,900,90,0,0,0,0,0,0,0,-109,-421,0,0,460
2020/10/26 16:22:45JST,10740428243,注文,250-6788783-8907830,tz-20200828-02-00600-o-so,LINE Clova Friends Dock(赤外線リモコン) NL-A201JP,1,amazon.jp,Amazon,,神奈川県,243-0422,,"1,273.00",127,0,0,0,0,0,0,0,-154,-381,0,0,865
2020/10/26 16:59:15JST,10740428243,注文,249-7462256-8687034,au-20201001-04-02068-o-so,TWINBIRD アイスクラッシャー CI-3546,1,amazon.jp,Amazon,,愛知県,441-8106,,"3,591.00",359,54,5,0,0,0,-54,-5,-652,-467,0,0,"2,831.00"
2020/10/26 17:32:41JST,10740428243,注文,249-5571614-1338223,tz-20200828-02-00600-o-so,LINE Clova Friends Dock(赤外線リモコン) NL-A201JP,1,amazon.jp,Amazon,,愛知県,458-0929,,"1,273.00",127,0,0,0,0,0,0,0,-154,-381,0,0,865
2020/10/27 05:23:07JST,10740428243,注文,250-7165367-6093402,gf-20200904-41-00330-o-so,1/144 MS-07B グフ (機動戦士ガンダム),1,amazon.jp,Amazon,,神奈川県,259-1132,,627,63,0,0,0,0,0,0,0,-76,-421,0,0,193
2020/10/27 06:14:43JST,10740428243,注文,250-7266656-4367859,td-20200926-02-00990-o-so,科学特捜隊 アンテナ流星ピンバッチ M78,1,amazon.jp,Amazon,,京都府,612-0846,,"1,800.00",180,0,0,0,0,0,0,0,-218,-282,0,0,"1,480.00"
2020/10/27 08:38:58JST,10740428243,返金,503-2324347-3807814,wm-20200425-02-01100-o-sow,Wii U プレミアムセット shiro (WUP-S-WAFC),1,amazon.jp,Amazon,,愛知県,463-0079,,"-3,891.00",-389,-464,-46,0,0,0,0,0,339,840,0,-300,"-3,941.00"
2020/10/27 12:45:09JST,10740428243,注文,249-9404194-2307832,rs-20200926-08-06160-o-so,LiSA BEST -Day-&LiSA BEST -Way-(完全生産限定盤)(2CD+BD+Tシャツ),1,amazon.jp,Amazon,,東京都,164-0012,,"12,436.00","1,244.00",0,0,0,0,0,0,0,"-2,411.00",-421,0,0,"10,848.00"
2020/10/27 15:10:02JST,10740428243,注文,250-3068031-6641403,ic-20200620-31-00800-o-so,hp USB日本語キーボード KU-1156 ブラック,1,amazon.jp,Amazon,,東京都,105-0022,,"2,709.00",271,373,37,0,0,-1,-373,-37,-262,-712,0,0,"2,005.00"
2020/10/27 15:15:43JST,10740428243,注文,503-6570202-7215055,si-20200809-17-01000-o-so,【簡易包装品】【部品・VAIOパーツ】SONY純正　デジタイザースタイラス（ペン）VGP-STD2,1,amazon.jp,Amazon,,兵庫県,654-0103,,"3,345.00",335,0,0,0,0,0,0,0,-405,-282,0,0,"2,993.00"
2020/10/27 15:16:54JST,10740428243,注文,249-3035756-7721420,tm-20191226-02-00500-o-so,Intel i3/i5/i7 LGA115x CPU用ヒートシンク+ファン E97379-003,1,amazon.jp,Amazon,,神奈川県,210-0002,,"1,718.00",172,0,0,0,0,0,0,0,-166,-421,0,0,"1,303.00"
2020/10/27 15:19:41JST,10740428243,FBA 在庫関連の手数料,G9Ai5GjiGO,,FBA在庫の廃棄手数料,,Amazon.co.jp,,,,,,0,0,0,0,0,0,0,0,0,0,0,0,-60,-60
2020/10/27 15:36:15JST,10740428243,注文,250-1314900-5203043,wm-20200614-06-01500-o-so,PlayStation 2 AQUA 【メーカー生産終了】,1,amazon.jp,Amazon,,福島県,960-8142,,"4,255.00",425,0,0,0,0,0,0,0,-411,-548,0,0,"3,721.00"
2020/10/27 16:30:05JST,10740428243,注文,503-9464275-2556617,tm-20200904-45-02178-o-so,AMD Wraith Prism RGB CPUクーラー AM4 4ピンコネクター 銅ベース/アルミヒートシンク,1,amazon.jp,Amazon,,兵庫県,675-0041,,"5,431.00",543,464,46,0,0,0,0,0,-526,-931,0,0,"5,027.00"
2020/10/27 20:54:34JST,10740428243,返金,249-6218564-1279011,te-20200926-17-00500-o-so,エレコム カメラバッグ ボディバッグ offtoco ショルダーバッグ 斜めがけ [ 参考収容寸法(カメラ収納部):90×65×190m,1,amazon.jp,Amazon,,東京都,166-0012,,"-1,800.00",-180,0,0,0,0,0,0,0,196,0,0,0,"-1,784.00"
2020/10/27 23:26:52JST,10740428243,注文,249-8618166-0909407,us-20200801-09-00150-o-so,brother 廃トナーボックス WT-223CL,1,amazon.jp,Amazon,,栃木県,320-0851,,"2,164.00",216,0,0,0,0,0,0,0,-209,-467,0,0,"1,704.00"
2020/10/28 00:29:27JST,10740428243,注文,249-9373230-0316611,gf-20200904-41-00330-o-so,1/144 MS-07B グフ (機動戦士ガンダム),1,amazon.jp,Amazon,,埼玉県,359-1153,,627,63,186,19,0,0,0,-186,-19,-76,-421,0,0,193
2020/10/28 02:20:16JST,10740428243,注文,249-0889960-9370258,wm-20200809-14-01060-o-so,スーパーファミコン本体　コントローラー・アダプタ・ケーブル セット,1,amazon.jp,Amazon,,東京都,193-0833,,"2,909.00",291,373,37,0,0,0,-373,-37,-282,-467,0,0,"2,451.00"
2020/10/28 06:28:29JST,10740428243,注文,250-1343156-1630243,si-20200904-21-04400-o-so,Jaybird ワイヤレスイヤホン JBD-X4-001BMF ブラックメタリック Bluetooth 防水 防汗 IPX7 連続再生8時間 スポーツ対応 X4 ?,1,amazon.jp,Amazon,,大阪府,569-0051,,"6,182.00",618,0,0,0,0,0,0,0,-748,-421,0,0,"5,631.00"
2020/10/28 15:51:12JST,10740428243,注文,249-2909471-0245431,wm-20200809-14-01060-o-so,スーパーファミコン本体　コントローラー・アダプタ・ケーブル セット,1,amazon.jp,Amazon,,島根県,693-0034,,"2,909.00",291,0,0,0,0,0,0,0,-282,-797,0,300,"2,451.00"
2020/10/28 16:08:02JST,10740428243,注文,249-4621721-0325468,au-20201001-02-02980-o-so,青島文化教材社 VFG マクロスデルタ VF-31J ジークフリート 35周年アニバーサリー 全高約155mm 色分け済みプラモデ?,1,amazon.jp,Amazon,,奈良県,635-0823,,"4,091.00",409,0,0,0,0,0,0,0,-495,-467,0,0,"3,538.00"
2020/10/28 17:18:33JST,10740428243,注文,249-5439221-0312608,tz-20200828-02-00600-o-so,LINE Clova Friends Dock(赤外線リモコン) NL-A201JP,1,amazon.jp,Amazon,,神奈川県,233-0005,,"1,273.00",127,0,0,0,0,0,0,0,-154,-381,0,0,865
2020/10/28 17:33:11JST,10740428243,注文,250-5417119-7181419,ic-20200620-31-00800-o-so,hp USB日本語キーボード KU-1156 ブラック,1,amazon.jp,Amazon,,新潟県,950-2102,,"2,709.00",271,0,0,0,0,-1,0,0,-262,-712,0,0,"2,005.00"
2020/10/28 17:48:58JST,10740428243,FBA 在庫関連の手数料,vkam8p8609,,FBA在庫の返送手数料,,Amazon.co.jp,,,,,,0,0,0,0,0,0,0,0,0,0,0,0,-302,-302
2020/10/28 17:49:17JST,10740428243,FBA 在庫関連の手数料,vkam8p8609,,FBA在庫の返送手数料,,Amazon.co.jp,,,,,,0,0,0,0,0,0,0,0,0,0,0,0,-120,-120
2020/10/28 18:24:09JST,10740428243,注文,249-6734673-1401405,tm-20191226-02-00500-o-so,Intel i3/i5/i7 LGA115x CPU用ヒートシンク+ファン E97379-003,1,amazon.jp,Amazon,,大阪府,530-0044,,"1,718.00",172,373,37,0,0,0,-373,-37,-166,-421,0,0,"1,303.00"
2020/10/28 22:41:55JST,10740428243,注文,503-8887296-8651845,oc-20200614-07-01000-o-so,トランスフォーマー SS-24 ボーンクラッシャー,1,amazon.jp,Amazon,,徳島県,771-0116,,"1,882.00",188,0,0,0,0,0,0,0,-228,-421,0,0,"1,421.00"
2020/10/29 00:42:32JST,10740428243,注文,249-6662616-6819055,oc-20191117-11-00329-o-so,仮面ライダービルド DXフルボトルホルダー,1,amazon.jp,Amazon,,群馬県,373-0033,,745,75,0,0,0,0,0,0,0,-90,-421,0,0,309
2020/10/29 03:28:48JST,10740428243,注文,250-0239854-6275869,wm-20200809-14-01060-o-so,スーパーファミコン本体　コントローラー・アダプタ・ケーブル セット,1,amazon.jp,Amazon,,長野県,380-0941,,"2,909.00",291,124,12,0,0,0,-124,-12,-282,-467,0,0,"2,451.00"
2020/10/29 05:59:03JST,10740428243,注文,250-0682947-8238203,au-20201001-09-04980-o-so,SSSS.GRIDMAN 超合体超人 DXフルパワーグリッドマン ノンスケール ABS&PVC製 塗装済み合体トイ 二次受注分,1,amazon.jp,Amazon,,千葉県,299-0205,,"7,638.00",764,0,0,0,0,0,0,0,-924,-548,0,0,"6,930.00"
2020/10/29 17:26:03JST,10740428243,返金,250-5180829-0176622,wm-20200813-03-07700-o-so,マイクロソフト Surface 2 64GB 単体モデル [Windowsタブレット・Office付き] P4W-00012 (シルバー),1,amazon.jp,Amazon,,東京都,171-0033,,"-8,909.00",-891,0,0,0,0,0,0,0,776,0,0,0,"-9,024.00"
2020/10/29 18:05:50JST,10740428243,注文,249-6137187-8065449,wm-20200809-14-01060-o-so,スーパーファミコン本体　コントローラー・アダプタ・ケーブル セット,1,amazon.jp,Amazon,,岡山県,718-0304,,"2,909.00",291,0,0,0,0,0,0,0,-282,-467,0,0,"2,451.00"
2020/10/29 19:15:22JST,10740428243,FBA 在庫関連の手数料,3t4TszVH8+,,FBA在庫の廃棄手数料,,Amazon.co.jp,,,,,,0,0,0,0,0,0,0,0,0,0,0,0,-90,-90
2020/10/29 23:15:38JST,10740428243,注文,249-7908089-6481437,gf-20200904-41-00330-o-so,1/144 MS-07B グフ (機動戦士ガンダム),1,amazon.jp,Amazon,,東京都,151-0066,,627,63,0,0,0,0,0,0,0,-76,-421,0,0,193
2020/10/30 10:07:04JST,10740428243,FBA 在庫関連の手数料,vkas8Iq589,,FBA在庫の返送手数料,,Amazon.co.jp,,,,,,0,0,0,0,0,0,0,0,0,0,0,0,-364,-364
2020/10/30 13:48:13JST,10740428243,注文,503-0884855-6043862,tm-20191226-02-00500-o-so,Intel i3/i5/i7 LGA115x CPU用ヒートシンク+ファン E97379-003,1,amazon.jp,Amazon,,東京都,121-0073,,"1,718.00",172,373,37,0,0,0,-373,-37,-166,-421,0,0,"1,303.00"
2020/10/30 14:09:33JST,10740428243,返金,503-5895004-6791006,wm-20200809-14-01060-o-so,スーパーファミコン本体　コントローラー・アダプタ・ケーブル セット,1,amazon.jp,Amazon,,愛知県,454-0976,,"-2,964.00",-296,0,0,0,0,0,0,0,258,0,0,0,"-3,002.00"
2020/10/30 18:06:31JST,10740428243,注文,249-6476565-9661448,tm-20191226-02-00500-o-so,Intel i3/i5/i7 LGA115x CPU用ヒートシンク+ファン E97379-003,1,amazon.jp,Amazon,,千葉県,289-1223,,"1,718.00",172,0,0,0,0,0,0,0,-166,-421,0,0,"1,303.00"
2020/10/31 00:52:26JST,10740428243,注文,250-1869780-4175842,tm-20191226-02-00500-o-so,Intel純正 CPUクーラー LGA1151,1,amazon.jp,Amazon,,宮崎県,889-3151,,"1,718.00",172,25,3,0,0,0,-25,-3,-332,-421,0,0,"1,137.00"
2020/10/31 00:52:26JST,10740428243,注文,250-1869780-4175842,tm-20191226-02-00500-o-so,Intel純正 CPUクーラー LGA1151,1,amazon.jp,Amazon,,宮崎県,889-3151,,"1,718.00",172,25,3,0,0,0,-25,-3,0,-421,0,0,"1,469.00"
2020/10/31 00:55:49JST,10740428243,注文,249-4154106-7930264,ic-20200620-31-00800-o-so,hp USB日本語キーボード KU-1156 ブラック,1,amazon.jp,Amazon,,大阪府,569-1094,,"2,709.00",271,373,37,0,0,-1,-373,-37,-262,-712,0,0,"2,005.00"
2020/10/31 01:12:13JST,10740428243,注文,249-9070326-7785454,si-20200801-05-01100-o-so,ノートパソコン用アクリルスタンド(縦置きタイプ) PDA-STN32BK,1,amazon.jp,Amazon,,埼玉県,346-0028,,"2,455.00",245,186,19,0,0,0,-186,-19,-891,-421,0,0,"1,388.00"
2020/10/31 01:12:13JST,10740428243,注文,249-9070326-7785454,si-20200801-05-01100-o-so,ノートパソコン用アクリルスタンド(縦置きタイプ) PDA-STN32BK,1,amazon.jp,Amazon,,埼玉県,346-0028,,"2,455.00",245,186,19,0,0,0,-186,-19,0,-421,0,0,"2,279.00"
2020/10/31 02:32:28JST,10740428243,注文,250-4422964-6233457,tm-20200904-45-02178-o-so,AMD Wraith Prism RGB CPUクーラー AM4 4ピンコネクター 銅ベース/アルミヒートシンク,1,amazon.jp,Amazon,,長野県,381-0043,,"5,209.00",521,0,0,0,0,0,0,0,-504,-421,0,0,"4,805.00"
2020/10/31 02:39:19JST,10740428243,注文,249-9853210-9225427,tz-20200828-01-00660-o-so,【リブライト】電動A/C型スピードポンプ静穏型 ライトブルーホワイト,1,amazon.jp,Amazon,,静岡県,420-0853,,"1,436.00",144,42,4,0,0,0,-42,-4,"-1,564.00",-421,0,0,-405
2020/10/31 02:39:19JST,10740428243,注文,249-9853210-9225427,tz-20200828-01-00660-o-so,【リブライト】電動A/C型スピードポンプ静穏型 ライトブルーホワイト,1,amazon.jp,Amazon,,静岡県,420-0853,,"1,436.00",144,41,4,0,0,0,-41,-4,0,-421,0,0,"1,159.00"
2020/10/31 02:39:19JST,10740428243,注文,249-9853210-9225427,tz-20200828-01-00660-o-so,【リブライト】電動A/C型スピードポンプ静穏型 ライトブルーホワイト,1,amazon.jp,Amazon,,静岡県,420-0853,,"1,436.00",144,41,4,0,0,0,-41,-4,0,-421,0,0,"1,159.00"
2020/10/31 02:39:19JST,10740428243,注文,249-9853210-9225427,tz-20200828-01-00660-o-so,【リブライト】電動A/C型スピードポンプ静穏型 ライトブルーホワイト,5,amazon.jp,Amazon,,静岡県,420-0853,,"7,180.00",720,208,20,0,0,0,-208,-20,0,"-2,105.00",0,0,"5,795.00"
2020/10/31 02:39:19JST,10740428243,注文,249-9853210-9225427,tz-20200828-01-00660-o-so,【リブライト】電動A/C型スピードポンプ静穏型 ライトブルーホワイト,1,amazon.jp,Amazon,,静岡県,420-0853,,"1,436.00",144,42,4,0,0,0,-42,-4,0,-421,0,0,"1,159.00"
2020/10/31 02:52:35JST,10740428243,注文,250-6786177-4908600,ap-20200721-31-03800-o-so,21. 5型ワイドFHD富士通 FUJITSU VL-E22T-7 スピーカー内蔵 高解像度パネルモニター、HDMIインターフェースを採用し、?,1,amazon.jp,Amazon,,大阪府,550-0002,,"5,964.00",596,373,37,0,0,0,-373,-37,-578,-975,0,0,"5,007.00"
2020/10/31 03:01:39JST,10740428243,注文,249-1978048-5411038,ic-20200620-31-00800-o-so,hp USB日本語キーボード KU-1156 ブラック,2,amazon.jp,Amazon,,愛知県,470-0124,,"5,418.00",542,372,38,0,0,-2,-372,-38,-524,"-1,424.00",0,0,"4,010.00"
2020/10/31 04:27:16JST,10740428243,返金,250-1869780-4175842,tm-20191226-02-00500-o-so,Intel純正 CPUクーラー LGA1151,1,amazon.jp,Amazon,,宮崎県,889-3151,,"-1,718.00",-172,0,0,0,0,0,0,0,299,0,0,859,-646
2020/10/31 04:27:16JST,10740428243,返金,250-1869780-4175842,tm-20191226-02-00500-o-so,Intel純正 CPUクーラー LGA1151,1,amazon.jp,Amazon,,宮崎県,889-3151,,"-1,718.00",-172,0,0,0,0,0,0,0,0,0,0,859,-945
2020/10/31 06:29:53JST,10740428243,注文,249-5142369-6397403,ps-20200501-27-00300-o-so,XYZA N-Trig純正 Windows10に最適スマートペン 筆圧対応 SurfacePro6/2018/2017/4/3 surface Go HP ASUSほか対応,1,amazon.jp,Amazon,,大阪府,590-0024,,"1,800.00",180,0,0,0,0,0,0,0,-174,-282,0,0,"1,524.00"
2020/10/31 15:03:02JST,10740428243,注文,249-9829293-5705431,rs-20200813-15-00440-o-so,SET LIST ?劇場版 うたの☆プリンスさまっ♪ マジLOVEキングダム 挿入歌集?,1,amazon.jp,Amazon,,神奈川県,252-0334,,355,35,75,7,0,0,0,-75,-7,-219,-282,0,0,-111
2020/10/31 15:18:02JST,10740428243,注文,250-5349295-7220642,rs-20200926-08-06160-o-so,LiSA BEST -Day-&LiSA BEST -Way-(完全生産限定盤)(2CD+BD+Tシャツ),1,amazon.jp,Amazon,,東京都,130-0012,,"12,436.00","1,244.00",0,0,0,0,0,0,0,"-2,411.00",-421,0,0,"10,848.00"
2020/10/31 17:09:27JST,10740428243,注文,503-3919923-6546207,tm-20200501-28-00500-o-so,Intel純正 CPUファン LGA1155/56用 E97378-001,1,amazon.jp,Amazon,豊中市,大阪府,5608531,,"1,816.00",182,0,0,0,0,0,0,0,-176,-421,0,0,"1,401.00"
2020/10/31 17:51:56JST,10740428243,注文,249-8260564-8769418,tm-20191226-02-00500-o-so,Intel i3/i5/i7 LGA115x CPU用ヒートシンク+ファン E97379-003,1,amazon.jp,Amazon,,神奈川県,253-0045,,"1,718.00",172,0,0,0,0,0,0,0,-166,-421,0,0,"1,303.00"